row ID,row m/z,row retention time,Extract.mzXML Peak area,F_5.mzXML Peak area,F_6.mzXML Peak area,F_7.mzXML Peak area,F_8.mzXML Peak area,F_9.mzXML Peak area,F_10.mzXML Peak area,F_11.mzXML Peak area,F_12.mzXML Peak area,F_13.mzXML Peak area,F_14.mzXML Peak area,F_15.mzXML Peak area,F_16.mzXML Peak area,F_17.mzXML Peak area
BioactivityCHIKV,,,68,1,4,1,3,19,8,16,41,140,17,10.5,5,57
1,270.279,1698,5690330.648,246596025.8,186949611.9,362958584.3,160968306.6,100851795,68548846,141101388.6,152605614.9,50568985.19,40253160.68,51162993.45,49859528,49792596.94
2,271.283,1699,569378.0508,40396489.5,30710029.19,63895441,26317669.94,16091012.72,11523241.45,22836562.94,25351372.56,7873325.141,5872291.102,6356980.355,5143812.746,8061989.828
3,279.174,1413,3172924.301,0,0,0,0,93954.36719,0,1538465.898,62451927.88,410657.7383,41184.00781,118658.957,0,0
4,280.264,1420,1821883.145,94393467.5,676012.5898,97160.13867,149605.0859,199154.6055,0,0,131789.8184,2366320.871,0,25537.34961,13143595.08,2932928.926
5,281.19,1031,1786364.576,0,978061.5645,34595232.38,248809.127,0,0,0,0,0,32346.52344,0,0,0
6,282.279,1660,18655705.17,869225772.3,8307734.406,3306291.516,2679013.336,3557114.438,951736.6855,2045580.16,1364686.59,27919737.22,1692812.678,15499664.72,160396863.4,22192166.38
7,297.185,1652,2756177.957,0,94191746.19,9480674.57,220247.5742,0,0,24716.10742,127001.8027,0,0,0,56650.80664,0
8,297.185,1556,13434565.03,0,34654519.44,63097219.56,1264704.051,161591.1602,31515.83789,1824419.426,1195892.773,0,73953.37891,261711.0742,156666.0313,96477.29883
9,298.311,1968,834155.5469,41755974.13,52004881.63,90181565.75,21814211.63,24095938.44,19067812.69,32082638.31,33901419.25,10483965.42,9190825.516,9311690.223,9746884.016,9818075.156
10,313.179,1721,36584006.31,0,2332133.852,320576.6172,47179.1875,230989.3789,24203430.5,22180286.87,62493192,36322558.81,1699796.59,4068447.107,5830827.031,3395347.66
11,315.195,1687,24839571.38,0,1183268912,29647623.53,4693844.098,2008481.605,484939.3145,1327720.719,1747633.17,117484.6875,759995.1113,1560045.102,1924521.369,624693.4004
12,315.195,1777,3912381.387,111914.2734,221732695.9,3826886.621,467680.9141,52486.86328,0,0,105575.1523,0,0,40080.83594,86983.04297,0
13,341.267,1509,682454.4258,0,0,1683225.391,43451662.38,174404.3281,0,38086.46875,0,0,0,0,0,24016.22266
14,363.25,1511,355148.0352,0,0,1675629.898,39603466.25,68125.25195,0,22367.46289,0,0,0,0,0,0
15,383.165,564,3415479.07,0,0,0,0,0,0,0,0,0,0,0,273152.4023,106215235.9
16,383.22,1668,19134184.48,30361.3418,27053.51953,0,49766578.36,81560510.05,11640575.64,66605405.19,3632851.686,11933450.15,316615.2266,671151.373,1727491.738,1413213.641
17,383.222,1524,30806088.56,0,52662.38281,0,565997.7402,249648.8223,4865798.418,48055179,3670830.875,41739482.38,1947411.693,2230766.287,1527586.803,2446774.316
18,383.222,1615,145202358.9,23467.96484,55504.54883,0,10198466.46,73263425.38,131413464,708453617.3,221412906.8,43453535.5,6325228.301,12039130.33,9811830.902,9212841.34
19,383.222,1698,34771783.13,0,0,2287701.086,50253235.5,2066417.641,111266905.5,261995524.5,13687029.84,6369216.238,1403534.797,2768190.617,3286970.607,2635712.535
20,383.222,1407,72082959.25,0,0,0,1803498.125,144911.8887,97269656.19,758190224.3,108964037.5,14610654.41,3333169.766,5256044.131,2528999.824,4445126.551
21,387.216,1361,9119823.094,0,0,0,0,23477.88281,0,0,0,16407044.59,44368882.88,2068969.023,597934.3281,318864.2305
22,393.166,642,4559872.973,0,0,0,0,0,0,0,0,0,0,24792.22266,236035.8438,159802885.4
23,397.179,821,557474.6406,24681.01758,0,25317.19922,0,0,0,0,0,0,0,0,1549803.461,82367982
24,397.18,672,1785483.156,0,0,0,0,0,0,0,0,0,0,0,56899184.13,279115265.9
25,400.157,589,1559340.84,0,0,0,0,0,0,0,22919.5293,0,0,0,103040.3477,53469552.63
26,400.175,809,5054174.027,0,0,0,0,0,0,0,0,0,0,0,38569.875,230655044.3
27,401.232,1290,391240474.6,30320.88672,212967.6992,0,164370.3164,29473.35742,29119.30469,18934641.55,1441411.996,685107440,36394389.26,52923812.76,27275613.83,24347598.32
28,401.232,1411,76338219.13,0,0,0,0,0,175153538.1,140646422.7,17801679.99,70369887.44,4027502.992,7204522.48,6254341.711,5099194.68
29,401.232,1619,427735862.3,0,0,0,123675.0215,0,344260095.6,264097352.3,31725085.44,469438215.9,17866891.83,48060328.22,31447549.88,12898190.64
30,401.232,1527,993355034.1,345578.3047,366935.5586,0,696323.3379,1965124.887,77587143.63,27425709.03,2068000.129,1097738486,71145386.38,128112059,127034911.3,50775821.5
31,404.17,605,1607119.98,0,0,0,0,0,0,0,0,0,0,0,0,60610282.5
32,410.158,731,5684876.055,0,21847.96289,0,0,0,0,0,0,151107.75,0,0,0,308072679.5
33,414.173,687,20428505.23,0,0,0,0,0,0,28295.66016,0,0,0,0,0,498006907.9
34,414.173,905,15475223.29,0,0,0,0,0,0,0,0,0,0,0,142727.5586,614110827.6
35,417.335,1560,0,0,5344266.016,325796.9766,46280397.13,261297.1523,0,0,0,0,0,25296.69727,0,0
36,418.187,923,952314.8164,0,0,0,0,0,0,0,0,0,0,0,9775735.688,38715313.63
37,419.193,691,3479259.066,0,0,0,0,0,0,0,0,0,0,0,322916963.3,12333831.21
38,421.162,672,156556057.3,20963.51953,0,0,0,0,0,0,0,0,0,0,103640.3281,3374168678
39,421.18,832,8375719.582,0,0,0,0,0,0,0,0,0,0,0,75956.58398,1138607581
40,421.181,1077,11744856.32,0,0,0,0,0,0,0,0,0,0,0,1474228.199,339526653.5
41,425.175,708,110031183.6,0,0,0,0,0,0,0,0,23912.69531,0,0,2827716.734,2317451559
42,425.377,1935,2412669.047,0,8316721.383,3876619.656,32758917.63,10609331.69,0,48084.59375,0,0,0,0,0,0
43,428.169,812,2676345.461,0,0,0,0,20343.40234,0,0,0,0,0,0,107746.4277,147912776.6
44,428.189,1188,1282990.609,0,0,0,0,0,0,0,0,0,0,0,2492820.281,83144215.94
45,431.164,790,22456415.32,0,0,0,0,0,0,0,0,0,0,0,0,664587741.8
46,431.164,975,1061846.422,0,0,0,0,0,0,0,0,0,0,0,0,79484640.13
47,432.167,788,3047510.598,0,0,0,0,0,0,0,0,0,0,0,358245.6563,104805905.3
48,432.184,803,11239583.82,0,0,0,0,0,0,0,0,0,0,0,396876201.5,178920689.1
49,435.177,919,373725307.1,0,0,0,0,0,0,0,0,0,0,0,15661392.04,139548532.3
50,439.357,1214,940972.2148,0,713540.7773,2318143.555,107294291.4,4867957.949,0,128000.5625,1222380.844,0,0,0,0,0
51,439.357,1157,4069899.063,0,626038.5371,4970202.656,63778639.38,12983146.42,0,0,4347351.91,0,195498.2617,0,0,50592.95703
52,439.357,1577,5248564.328,0,11467816.82,4833033.223,103311245.5,2385455.742,440741.7617,610404.3281,700212.4473,21645.84766,0,328910.2266,145155.4004,0
53,441.372,1526,522498.1094,26949.76953,8543675.047,2538379.875,132972771.7,1936326,166282.3633,263873.1582,840475.9121,0,0,0,0,33449.97656
54,442.168,776,87703979.75,0,0,0,0,0,0,0,0,0,25747.52539,0,1659005.59,2458888730
55,442.186,1085,112049466,0,0,0,0,0,0,0,0,0,0,0,5383708.648,3250827271
56,443.242,1625,5133163.043,0,0,0,105996495.9,83505177.13,506514.0449,433911.1445,173225.3867,267247.0977,0,61618.92188,134268.6055,0
57,445.18,1199,739224.9258,0,0,0,0,0,0,23801.35156,0,0,0,0,0,61226812.13
58,445.191,1050,0,0,751725.3301,0,0,0,0,0,0,0,0,0,74592758.19,0
59,452.168,1024,62161482.63,0,0,0,0,0,26348.5957,0,0,0,0,0,0,1726947359
60,459.236,1282,22064.64844,0,0,0,0,0,28346.12695,572817.5195,0,0,0,2720816.539,43584956.88,0
61,464.181,847,753724.0195,0,0,0,0,0,0,0,0,0,0,0,0,47483372
62,464.2,1211,177806.1055,0,0,0,0,0,0,0,0,0,0,1906567.914,112283635.1,368063.1113
63,465.37,2044,7853377.996,19453964.86,259906184.4,5468462.906,2059209.602,34983.27734,0,214903.4941,194946.8008,0,0,0,0,0
64,465.37,1966,1644868.539,0,7922657.156,6398325.063,28330368.25,83755.10938,0,0,0,0,0,25281.69531,0,0
65,465.37,1944,3626345.547,0,14143796.23,4050229.723,87208972.75,893334.4199,0,0,0,0,0,0,0,0
66,466.186,1442,1547333.051,0,0,0,0,0,0,0,0,0,0,0,75720.5,100403211.5
67,467.387,2205,427717.1973,0,57577337.38,0,126208.5313,0,0,22690.23828,0,0,0,0,0,0
68,481.293,1687,30288493.79,0,1003306135,22729508.21,3388771.379,1138406.408,1999614.135,6796444.795,1062269.309,216031.4063,390378.5781,1445368.193,1499220.049,497555.4199
69,481.365,1906,1841258.082,9833843.496,253123336.8,91084962.72,62408234.25,33726.97656,0,27392.0625,0,0,0,0,0,0
70,483.378,2087,0,0,26441464.13,0,817875.1953,0,0,0,0,0,0,0,0,0
71,483.38,1940,0,0,55912753.75,308063.2383,1285807.566,0,0,0,0,0,0,0,0,0
72,497.288,1375,9981208.188,0,11107691.06,64896.28516,29680.41406,0,0,0,117398488.1,41991417,0,724145.4688,529808.4551,210465.4902
73,501.34,1465,30069343.94,47950739.56,27592416.84,24115195.7,21634664.17,15300830.22,16271551.92,21240491.44,19642173.69,19523594.38,19656648.06,18902670.97,31652839,13887328.41
74,503.275,1684,85651695,0,1254942882,77298593.08,12246946.55,5170097.168,2059506.113,3728515.16,4953169.691,1702929.084,3406648.477,6159945.619,6529393.063,3260553.824
75,503.275,1415,10413361.51,0,0,0,24121.51953,0,1535054.289,5372800.063,172757558.6,1601031.682,754550.1875,998751.0391,463287.4063,177399.918
76,503.275,1556,21325645.67,0,51375759.75,96565278.63,2422748.773,387827.0781,60571.94336,30052.16406,177999.6328,0,205128.7266,503894.502,308163.2227,99237.00781
77,505.291,1779,10848746.91,660550.6641,423401774.8,11822296.35,1804493.135,255217.2695,130437.2305,506326.9902,479867.6035,36097.26172,178949.5273,643279.9297,758136.8125,116678.4375
78,505.291,1651,2966726.203,0,83687835.88,10960496.27,198115.8965,0,0,33176.59766,0,0,0,0,0,0
79,519.269,1374,35463406.88,0,72590875.75,1066816.719,556517.7988,0,0,821766.5215,167255361.8,80132045,805376.3691,1816012.771,1061647.824,2025185.852
80,519.269,1594,0,0,84969332.88,1156801.539,2319681.051,0,0,0,0,0,0,0,0,0
81,521.273,1188,55319231.63,0,0,24712.58984,0,946297807.6,7282247.52,3686603.438,1352082.977,782398.0742,1988095.918,3409502.967,2103326.35,1506048.766
82,531.31,1559,2726955.66,0,0,0,0,0,0,0,33438468.25,2255530.477,0,41294.23438,0,0
83,537.249,1181,204133408.4,0,0,21912.49609,0,2827619805,139136662.9,17105951.35,9737722.756,3296375.902,7158801.225,13396947.5,12428992.36,5361321.076
84,537.25,1346,9339833.383,0,0,0,9082193.887,185284193.9,1443130.535,491359.1719,421125.8418,24228.08594,82293.12109,385716.5078,202670.2324,0
85,541.314,1404,28908876.16,0,0,0,0,0,2723224.625,396902917.9,58336908.63,6704514.672,1191353.199,2691026.004,1302121.816,1649521.258
86,545.363,1432,19410130.47,63118153,28007800.72,23769143.38,20441970.04,14061496.16,16585786.96,24226810.61,22925033.04,22148454.77,22239104.38,22706584.28,32816163,16119924.71
87,547.288,1043,9615935.492,0,0,0,0,4548988.773,60923929.56,6027596.246,1704374.195,28168.51172,0,0,27796.64063,31124.74609
88,553.243,950,11535497.39,0,0,0,0,0,267982.6484,234680770.5,24462380.19,2527958.84,444130.627,605731.6406,596139.4746,0
89,553.243,1143,49096826.38,0,0,0,0,6702712.967,209327622.8,336178254.9,4900299.672,976059.9102,1117825.551,2243925.91,564623.3828,902365.0195
90,553.243,883,9517861.078,0,0,0,0,0,1868411.016,45376109.25,107725061.9,8512789.609,556559.9766,1122871.525,739672.582,53716.64453
91,555.309,1898,3314982.031,0,27820959.19,997317.3164,0,0,0,0,0,0,0,30700.70703,0,0
92,559.131,1809,4245269.629,2005040.047,12899519.19,8176447.922,590101.8809,8653359.75,16386900.5,503162.168,3698593.359,22111019.5,10013276.88,143932.8828,9117802.063,10501511.81
93,561.28,1566,0,0,0,0,373785.2266,1300661.844,0,104327047.8,4602885.84,183821.6289,0,0,0,0
94,563.296,1291,67070302.13,0,0,0,0,0,0,1975562.5,31625.60742,170314273.7,8940636.965,10201220.78,2744461.127,5524503.326
95,563.296,1406,127894501.1,0,0,0,0,136431.7891,164163792.4,809142885.3,205028794.6,30059979.81,8188185.242,11001292.8,5885640.68,10560217.1
96,567.332,1609,46498472,0,0,0,0,0,4768538.211,345685995.2,50882044.25,11330347.42,1864065.752,3030865.621,2502017.523,2961594.965
97,569.345,1706,13735075.8,0,0,0,0,0,29482447.63,129854503.5,2467020.945,2797197.551,410995.9727,886405.3555,826507.0977,712173.1875
98,571.254,944,17280699.7,0,0,0,0,0,330555.4121,377735104.5,66579272.63,2063738.346,624389.7031,880381.5234,945284.373,103034.1719
99,571.255,559,16614281.41,0,0,0,0,0,0,231392.4258,0,39093745.38,1524140.092,1989009.02,953069.0938,306766.1992
100,571.301,1719,71176254.94,0,0,0,0,0,0,161791.3242,161720571.5,98391281.5,4331945.992,9589433.008,10461550.55,5496693.859
101,571.301,1482,27556202.25,0,0,0,0,0,0,0,67334222.75,27196640.13,546102.4785,1070672.551,2544832.438,580200.2891
102,573.319,1598,13583604.48,0,0,0,32892.07031,0,0,0,143688530.9,13809991.22,323862.1543,520714.7051,1195469.994,0
103,573.319,1808,28906433.7,0,0,0,0,0,0,58307.22266,96171029.56,35942288.7,1016073.742,2828233.404,2982922.051,1322716.523
104,575.284,1094,7887871.117,0,0,0,0,0,50843267.13,1768865.285,179521.1875,0,0,266385.7207,0,0
105,575.295,1480,2488641.051,0,0,0,0,0,0,1674243.16,55128550.75,652142.2891,341279.9199,86097.30078,0,0
106,577.265,730,152147372.8,0,0,0,0,0,0,1352068.652,0,100222434.9,880182753.9,520850847.1,76149783.31,9876529.217
107,577.265,644,13806103.67,0,0,0,0,0,0,0,0,23526.20703,187990273.6,16942763.48,3015247.465,181806.9805
108,577.265,998,72172103.38,0,0,0,0,0,0,3228252.516,6957936.66,118512386,5207644.48,9065837.313,1721593.166,2217003.141
109,577.297,1627,979356.1133,0,0,0,0,0,0,0,0,0,3461362.723,3307017.648,104825759.9,601557.3359
110,577.297,1548,430823.8906,0,0,0,0,0,0,0,0,0,0,30373.66602,75474891.06,4160923.258
111,577.795,1549,292580.082,0,0,0,0,0,0,0,0,0,0,0,54527295.5,3170186.285
112,581.274,1139,114098241.2,0,0,0,0,23721692.41,506926733.1,16727803.75,4790014.355,1058086.959,3238231.992,6616577.531,1541047.223,2013986.287
113,587.249,904,18073178.51,0,0,0,0,0,0,1037870.492,393669468.1,2894459.135,1031051.195,1252737.813,199842.9141,194950.8359
114,589.311,1607,302412628.8,0,2098348.432,0,0,57266.2168,357182455.3,1029568478,501023719.8,60225722.13,16925238.2,39543399.29,35068036,22750183.98
115,589.311,1520,196564804.5,26763.39453,171854.2949,0,0,34220.13281,7079959.332,92407611.88,1348903.484,375324484,17111247.71,37418801.75,39304814.13,8221655.758
116,589.391,1410,29925235.63,60905520.75,33617205.06,30467722.94,27968189.69,16606572.53,18872177.66,24587175.94,23271381.31,22451289.53,20767701.39,17764475.93,13450913.3,21439531.56
117,590.317,1607,108203877.3,0,621402.7461,0,0,0,110142034.3,315096982.5,184607263.3,26090537.54,6387011.32,14179925.5,17238724.07,8453606.723
118,591.326,1707,92610166,0,0,0,373459.6543,1832174.465,242140855.1,436244068.6,16715638.95,18096736.77,4044944.031,8139603.598,11359271.23,5721817.887
119,591.326,1854,1906723.281,0,0,0,64249892.63,3338420.547,422730.9512,325349.2773,0,0,0,28073.10352,0,0
120,591.326,1626,60567642.75,0,0,0,0,0,2789038.129,1725612.102,112448.457,110699187.9,5070685.938,6047462.348,4515631.055,3929568.75
121,595.252,1142,52574154,0,0,0,0,6377907.379,223613662.4,229678335.5,6059217.57,712097.6875,1188116.352,2209774.635,672283.5117,863240.4512
122,595.252,742,1537241.418,0,0,0,0,80732.87891,0,33749010.38,12060876.84,91665.9375,92147.19727,139265.7227,1090737.57,35227.70703
123,595.256,1290,26825227.75,58948.71289,0,0,0,426145709.8,31806522.54,3247241.664,1444235.781,69846.50781,760718.1641,2090163.645,981674.207,453364.7695
124,595.29,1290,58210084.31,0,0,0,0,883834975,46231993.25,4417859.594,2962319.984,626422.5352,1875192.391,2941328.152,657456.8828,1181390.098
125,597.269,1165,1731858680,766044.4844,0,0,0,106289740,7184277170,162888291.8,64590690.75,20537892.75,59359066,135318592.5,126114282.6,38616408.81
126,597.271,1213,184630981.3,0,0,0,0,6250109.184,874315720.3,93949544,11729660,1885660.961,5607124.676,11127727.4,4238755.59,3922197.434
127,597.271,1037,30794104.91,0,0,0,0,0,97938391.19,280271532.8,12438045.91,1114271.182,936597.2695,1069619.734,438649.0996,382947.1406
128,597.271,1306,66438805.44,26262.04688,0,0,0,504337523.1,258937252.9,7567130.793,6275518.301,833968.623,2014738.445,4984209.594,3047666.023,1427595.16
129,597.271,896,87810612.25,0,0,0,0,0,0,5687863.422,1567529932,26203366.76,6994411.992,8735637.252,1713033.725,2111229.201
130,598.265,597,753596.5703,0,0,0,0,0,0,0,0,0,7208884.646,80716272.5,906115.0684,29638.33984
131,598.27,1168,499038484.5,116223.3848,0,0,0,36366126.94,2122388480,54381533.5,23993930.75,7552446.555,19722446.86,31874207.75,7091848.234,13627688.05
132,605.305,1225,459720.2148,0,0,0,0,0,0,1339127.553,0,140167.9883,520297.5605,131649.9375,96597909,527336.1914
133,605.31,1625,7940947.063,0,0,0,148179588.3,106475757.3,1160937.516,2970573.285,487802.748,730678.9336,90909.17188,390492.832,457547.4922,109192.6855
134,605.31,1680,8763919.309,0,0,260196.7656,276929891.4,10953905.04,808417.2344,1610341.396,729346.3906,77934.38281,70731.82617,510126.207,439872.9297,79026.21484
135,605.31,1117,0,0,0,0,0,0,0,52787530.75,1196430.777,241393.4609,36369.44922,56428.84375,5452716.922,1194359.174
136,609.269,999,1022948.781,0,0,0,0,0,0,42689948.75,3482694.344,0,0,0,0,0
137,613.266,824,538234541.6,69812.93945,0,0,0,0,0,11986418.83,53511994.88,698116630.5,26915699.06,50592034.63,24820644.81,8190239.242
138,613.266,874,170152821.1,0,0,0,0,0,0,4320646.734,6175170.453,281764127.9,9723442.367,16815958.3,6879808.84,3782893.766
139,615.279,823,1744730.129,0,0,0,0,0,0,154976664.9,214771554.8,1324905.875,197671.9688,176994.4453,106595.9063,50412.66211
140,615.326,1718,1873904.219,0,0,0,0,0,0,3170871.922,26448509.75,579181.9336,0,27407.06055,0,31121.86719
141,619.272,729,230349024,0,0,0,0,0,0,2240023.605,60039.875,149744882.6,1357749557,776175057.6,209111993.1,16578392.45
142,621.291,557,4461010.832,0,0,0,0,0,0,0,0,0,57138.56836,341136152.1,8582073.031,203040.0391
143,621.291,1039,26335995.9,0,30518.59375,0,0,53471.65625,868353.9082,574462723.9,63000747.5,1260640.23,29351238.2,1909973.918,151220.1094,202317.2188
144,621.292,435,1536119.086,0,0,0,0,0,0,0,0,0,89030.43555,6485343.523,147515168,542622.0078
145,625.301,1176,216707926.9,0,0,0,0,1074933721,877144900.9,16936395.87,12033696.31,1790394.125,5517092.789,11006983.82,7168536.045,3865837.918
146,625.301,1531,22654333.14,0,0,0,148741531.6,295385774.6,4404826.582,1810297.484,1010223.195,57072.98438,559016.9531,1494249.344,1401798.871,267432.6719
147,629.309,1564,3792735.896,0,0,0,0,0,0,0,0,66566.42969,16237680.35,71348054.47,147381433.8,1292579.816
148,631.311,1040,6805658.242,0,0,0,0,18938877.2,743493.1055,146794662.9,19178660.36,141132.7109,101746.7305,250096.3789,49407.69336,0
149,631.324,1759,3332028.76,0,0,577107.8789,39693379.5,32958900.06,35864.57031,29582.10156,28431.33008,1166697.211,0,149514.248,90409.81641,0
150,631.468,1240,93495.57422,0,36537896.38,0,0,0,0,0,0,0,0,0,0,0
151,633.337,1880,2816137.828,25201.33984,1022089.197,5736171.168,71190616.88,523113.0781,123601.5,370844.6914,0,0,0,0,0,0
152,635.244,877,866099.7852,0,0,0,0,0,5733718.656,46275161,243687.8535,0,0,0,26501.58398,0
153,635.268,454,14191097.32,0,0,0,0,0,0,0,0,23651.12109,233682175.2,226392265.5,20928141.07,830511.252
154,637.263,823,6358078,0,0,0,0,0,0,333571475.1,369901364.8,515367.875,2087071.285,2675724.395,1062691.895,693669.8516
155,637.283,644,31247573.67,0,0,0,0,0,0,88406.41797,0,60079.02734,397668783,36629447.44,5365519.547,1054365.652
156,639.28,895,38027550.88,0,0,0,0,0,0,2634581.707,693667507.9,8082431.094,2789049.117,3482913.186,336393,670764.9023
157,641.294,836,141092580.6,0,0,0,0,0,0,11108596.19,33096351.19,216546702.3,5488579.561,12883944.66,12720905.56,1845600.822
158,641.294,742,153174918.3,32276.51953,0,0,0,0,0,3631751.887,219991836.4,259530406.5,6872576.172,13091761.22,5681488.93,3023950.057
159,641.294,776,17046818.45,0,0,0,0,0,0,0,150789869.4,17962884.21,2415125.166,4752554.469,25986143.61,0
160,643.306,1115,5919973.078,0,0,0,0,125466647.8,4447247.684,14675116.4,1592500.297,0,0,105251.918,104086.5586,0
161,643.311,1170,16226471.09,0,0,0,0,348710901.1,1547801.816,958202.8555,305962.9063,78313.90039,135672.4609,888284.0195,378641.8555,92851.85742
162,647.307,997,121802143.8,0,0,0,0,0,0,3634741.332,2923208.871,198458936.9,6488011.652,14024328.47,3576769.424,3777108.086
163,649.321,1409,4087838.279,0,0,25509.98047,0,92970355.25,2014300.832,91841.44922,0,24592.94531,33446.53516,37093.67188,37817.63281,0
164,649.322,913,1369843.094,0,0,0,0,0,0,35833478.31,10622624.78,63559.29102,32429.91797,0,28019.57422,0
165,651.277,1006,5459553.922,0,0,0,0,0,38554431.25,5235745.063,57959.57031,0,0,69861.08594,22686.21094,0
166,657.265,984,6219245.93,0,0,0,0,0,35562.21875,0,59857991.38,6976955.492,90983.91406,227226.75,0,0
167,657.284,803,7446348.297,0,0,0,0,0,0,88336.95508,75169459.75,8975391.422,221563.4023,531654.6602,0,0
168,658.285,471,147701.7266,0,0,0,0,0,0,0,0,26541.94336,0,0,46143038.25,812266.6328
169,659.307,838,10480283.07,0,0,0,0,0,0,129572917.8,175009668,1507873.969,635995.082,923622.668,212337.1953,116210.332
170,661.282,435,6384759.82,0,0,0,0,0,0,34155.28516,0,0,98985.23438,10340671.4,205561191.1,1504728.258
171,661.287,945,282244811.9,0,0,0,0,0,0,5886562.895,222522.2949,477069742.8,16017686.78,22737587.08,7050407.275,1858740.27
172,661.301,1080,826491.7617,0,0,0,0,0,91941.05859,30468963.88,1086053.609,0,0,0,0,0
173,663.297,712,14753764.2,0,0,0,0,0,0,167982.3633,0,23222604.41,158046752.6,4193865.938,946230.8594,344494.6367
174,664.312,647,12080876.59,0,0,0,0,0,0,0,0,0,140448687.1,329215939.9,182721366.5,563596.1016
175,664.312,613,6175746.914,0,0,0,0,0,0,0,32482.10742,0,0,198521157.6,149638518.6,1567244.193
176,665.29,906,1866195.504,0,0,0,0,0,0,39507658.38,40874299.44,368593.3457,140387.3711,0,0,0
177,665.29,1095,12879982.98,0,0,0,0,107486677.8,46494785.69,1559347.25,1843068.025,0,188771.416,737469.5879,169714.9492,0
178,665.291,1176,402567057,0,0,0,0,2101544038,746445.8594,298815707.8,6197180,1878543.211,5527277.871,39002210.38,42977149,965033.4727
179,666.296,1191,155164674.1,64614.99609,0,0,0,459430214,13583724.41,9056621.484,6653665.035,4017124.289,6660091.82,8297186.836,918188.2188,8379932.742
180,667.311,1164,1037620094,268900.4629,0,0,0,45483335.13,4038675157,117511886.8,38895703.13,14815990.14,36748165.5,86852262.75,81955401.88,25975039.01
181,667.311,1086,2670976.996,0,0,0,0,0,21606.03516,111267.832,74434292.81,549617.0918,58082.38086,31574.45313,0,0
182,667.311,1239,33923145.7,0,0,0,0,137797666.1,143651705.5,2174667.82,1861598.762,346999.7148,627038.8496,1777000.52,467506.5898,417389.6016
183,669.289,697,56035300,0,0,0,0,0,0,1414454.453,0,111675893.1,2753337.572,4929949.121,1602567.406,144976.8828
184,671.322,1325,6794204.945,0,0,0,0,3255545.678,0,129835439.2,16246098.23,203518.5879,44845.22656,433920.8848,33062.48828,28454.39063
185,671.322,1431,2567031.328,0,0,0,0,47320052.75,156729.9355,4042496.258,308915.3984,0,0,0,0,0
186,673.285,623,1878545.5,0,0,0,0,0,0,0,0,0,56296779.75,1385844.633,277798.8945,0
187,675.263,460,1407414.699,0,0,0,0,0,0,0,0,0,611716.6328,61796266.63,39245992.25,224050.6621
188,675.296,878,478321.2422,0,0,0,0,0,131162.332,50671078,2487390.516,0,257790.6602,0,0,0
189,677.281,582,54731371.63,0,0,0,0,0,0,0,0,1408046.379,948798032,22537672.52,5639205.07,1703426.785
190,677.35,1087,3142604.957,0,0,0,0,0,0,13497613.16,68770300.31,307678.8867,24331.75195,69044.27734,0,0
191,678.289,721,3357008.219,0,0,0,0,0,0,0,35661.21094,0,1375751.922,0,355883489.6,2340912.258
192,678.29,785,3197444.098,0,0,0,0,0,0,0,22772.06641,0,687664.6973,76121911.88,249743953.1,1627580.879
193,679.272,896,155120477.1,0,0,0,0,0,130897.5977,12244054.09,849313113.8,30499951.14,11225740.64,14447451.83,3717823.289,4434851.941
194,679.296,732,118164862.8,0,0,0,0,0,0,963175.2012,37559.54688,68087512.25,762732308.3,367898074.6,117229281.5,10063205.78
195,679.305,1346,37421175.55,0,0,0,51015842.94,560044209.1,3273556.24,2157610.637,1224076.637,124074.5547,578173.5039,2601262.18,8191180.613,810886.7617
196,679.312,861,2083461.059,0,0,0,29269.35742,0,0,380466.3359,64566692.13,111909.3828,0,0,0,0
197,680.303,672,3089102.785,0,0,0,0,0,0,0,0,0,5098923.535,1631612.928,286692445.3,7367264.887
198,680.303,621,369967.5273,0,0,0,0,0,0,0,22188.60547,0,0,2369307.719,117200552.5,821322.3125
199,680.303,463,10392273.06,0,0,0,0,0,0,52895.32031,0,0,0,71333.66016,322493053.9,92732751.13
200,680.303,395,3631352.039,0,0,0,0,0,0,0,0,0,0,0,421953.334,138715940.5
201,681.29,558,46637784.88,0,0,0,0,0,0,1601139.381,90518.08594,91034580.5,6240901.805,0,11502090.59,1777457.16
202,681.29,742,307102457.5,173330.5254,27935.05859,0,34517.13672,32270.58203,41914.73438,13925434.09,381460601.9,461160257.4,5895178.668,22985670.43,16902652.17,5313529.902
203,681.29,1076,38989858.5,0,0,0,0,0,0,365670.3496,2409774.832,39475971.95,289876108.3,98055912,7531138.248,676943.2754
204,681.29,839,14694451.48,0,0,0,0,0,0,295985232.1,271837122,3183026.602,1472476.514,2320412.418,1296229.664,412174.6992
205,681.31,462,3122687.039,0,0,0,0,0,0,0,0,0,0,159404.8516,128426389.9,34805182.5
206,683.283,1400,2968458.727,0,0,0,43101736.25,44074120.94,25783.43359,0,0,0,125845.3691,214187.832,0,0
207,683.303,823,4815906684,4314046.117,950645.2969,274655.873,2648959.199,37869.69922,1390378.836,144615740,505035579.4,7590177575,356136953.6,661814414.8,540810178.5,125425685.5
208,683.303,969,118958564.1,0,0,0,0,0,0,1046673.801,1798577183,83697434.38,11935428.38,13711797.17,2196236.129,2857875.883
209,683.303,786,16398282.26,0,0,0,0,0,0,1013334.703,21870035.27,21956750.14,78740213.31,51878930.88,195691016.8,757659.3828
210,684.31,823,1975640770,1492538.686,166479.8574,100581.2949,861750.0391,0,368967.6719,59168068.06,204389532.8,3112193464,140704172.6,268050630.1,218440942.2,46055345.5
211,685.319,1098,41583864.63,0,0,0,0,0,210297206,8978348.137,4029549.52,292577.5273,999896.3984,1733414.738,398427.3359,487455.5371
212,688.332,589,10164926.88,0,0,0,0,0,0,0,0,0,83108978.38,53475130,415201556.8,114613873.4
213,688.332,502,241890.6563,0,0,0,0,0,0,0,0,0,0,0,65448710.5,4405450.383
214,688.332,763,1602020.789,0,0,0,0,0,22871.41406,0,0,0,7286550.752,128918403.5,2312798.279,6709469.418
215,688.332,425,7097038.059,0,0,0,0,0,0,25394.44531,0,0,0,0,34974158.38,189527497.6
216,689.316,895,3576187.453,0,0,0,0,0,0,65181686.38,0,36445812.44,0,0,0,0
217,689.316,1230,91529028.13,0,0,0,0,0,0,3765548.168,1577721401,20018716.36,6676482.117,8733844.84,1862097.637,2331534.664
218,689.316,1044,52193569.52,0,0,0,0,45632157.96,312735845,5510289.336,3779137.055,527561.9512,198004.8926,770596.2031,1411706.379,950128.9297
219,689.316,1011,44699261.63,0,0,0,0,0,10131816.25,58002500,632220.6406,60930.79297,0,25648.16602,582975.5391,0
220,691.269,1001,3685471.672,0,0,0,0,0,32012.00586,93549582.31,4810979.078,60304.01953,0,118298.7891,0,0
221,691.331,1040,39331213.13,0,0,0,0,457303.5078,0,953949769,122482099.5,3579544.078,1784429.617,1849196.867,402667.6719,562051.1406
222,693.285,1037,66681395.88,0,0,0,0,0,234604382.3,236579796.3,12619391.91,2409950.305,2177503.234,2806759.203,974364.0039,1469070.875
223,693.292,937,8106049.613,0,0,0,0,0,27821.08203,170487203.9,70175390.5,470625.5977,232792.9141,278495.4395,33169.67578,0
224,694.287,496,3380311.164,0,0,0,0,0,0,0,0,0,0,0,235572605.3,9924668.496
225,694.287,467,265664.4023,0,0,0,0,0,0,0,0,0,0,0,81960280.63,5255078.609
226,694.321,546,50115.16406,0,0,0,0,0,0,0,0,0,0,791240.6211,53669161,759113.6172
227,695.29,443,12572311.05,0,0,0,0,0,0,0,0,0,157847800.8,384525240.9,33797858.42,5742615.539
228,695.304,887,33345148.25,0,0,0,21902.33594,0,0,583633.2188,200863191.3,14228089.25,2018613.273,3011231.252,547134.7617,863811.0234
229,695.304,1021,4109827.563,0,0,0,26909.63867,21867.90039,29653174.63,9973458.5,849960.9199,0,0,105067.4258,44035.54688,0
230,696.296,431,3004950.154,0,0,0,0,0,0,0,0,0,53527209.93,132974489.6,8276273.469,993667.8359
231,697.282,906,46336752.38,0,0,0,0,0,0,4132724.357,427342303.3,9097557.563,3963635.977,2409904.445,56740.09375,861605.6016
232,697.323,1104,3888167.066,0,0,0,31381.52344,21057.75391,0,8315230.324,87690720,1050267.816,24878.13086,152233.4844,0,0
233,697.323,1000,9619529.523,0,0,0,0,0,235301.1094,2300722.328,151017667.3,3205201.953,99711.99609,805955.4023,168914.7598,0
234,697.324,964,210345875.4,0,0,0,0,0,0,3565713.734,859208700.5,293514295.8,12432401.73,22470604.24,8392932.613,4258402.59
235,698.293,744,4022359.469,0,0,0,0,0,0,0,0,0,53822.33594,170206961,180558329.5,1123654.172
236,699.277,1272,13958919.6,0,0,0,0,217588006,16954740,1022934.357,247362.1016,369950.0586,462697.5898,1248431.383,624363.627,226284.5605
237,700.368,1248,6004040.363,0,0,0,0,20408.74414,0,451466.5684,115688063.6,1803214.555,146565.3984,253871.6777,0,0
238,701.293,861,2591229.031,0,0,0,0,0,0,922481.541,95611728.5,0,122075.7617,128305.8242,24589.99414,0
239,701.314,827,45893920.13,0,0,0,0,0,0,1061506.811,5250203.59,89913910.5,3793384.961,4348863.359,1616863.146,628090.6895
240,702.312,640,2864915.391,0,0,0,0,0,0,0,27638.38672,0,0,0,214794566.1,2430916.629
241,703.29,730,63931597.06,0,0,0,0,0,0,2819641.742,53859.53711,102768575,5206569.711,6049455.57,274579.8066,1088747.305
242,703.29,558,34322457.94,0,0,0,0,0,0,0,0,0,1888209.098,940525726.8,72000840.63,4785919.652
243,703.331,1116,4827725.359,0,0,0,0,46681793.13,10038642.88,110193145.4,4259334.008,0,0,24759.88867,0,0
244,703.332,1204,13501331.11,0,0,0,0,150779792.3,7046796.75,261779.25,306376.8594,47169.32031,102152.7109,434374.0039,0,223459.2656
245,705.274,534,101907.418,0,0,0,0,0,0,0,0,0,269090.4766,34606789.75,728891.0449,0
246,705.31,624,2189397.637,0,0,0,0,0,0,0,35734.19531,0,4699606.461,156260391.3,2418210.969,5325379.191
247,706.323,934,40840323,0,0,0,0,0,0,234761.0117,0,38456653.38,373591032.5,141172692.6,1094890.703,744837.1719
248,706.324,957,8203306.063,0,0,0,0,0,0,70642.17578,0,328581.5879,166144934,142377701,3130714.102,154057.7773
249,707.303,1165,1277126837,8916765.168,1493307.703,366021.1797,116276.916,237533989,1700627412,273503616.5,129619740,73181030.13,201525851.4,367802992.7,365914866.7,157180048.6
250,707.303,1360,8453721.445,0,0,0,2815701.078,174823416.8,31358412.5,1564582.285,327414.209,25188.66016,87309.90234,426258.4609,266124.0273,29290.7793
251,707.303,1240,52452728.63,0,0,0,0,225329214,221320892.5,3288693.223,0,706631.1367,1425229.887,3834122.301,962218.1445,2654892.09
252,707.324,1127,11124548.62,0,0,0,0,0,0,0,131589392.2,8901870.66,798005.3184,891883.4863,176735.1816,66785.31641
253,708.306,1176,519067564.9,3411528.262,226755.2676,62815.39648,0,95648808.39,747015452.4,113655461.8,54083466.44,31703498.6,83924642.88,150595613.5,110076107.4,65641609.72
254,709.284,970,2818977.723,0,0,0,0,0,22899.21094,64470850.25,12782948.64,103053.7871,28833.67773,162679.6328,0,0
255,709.284,697,86172411.44,0,0,0,0,0,0,4498074.973,0,163024389.1,4137357.137,6662749.039,3613177.855,62924.27344
256,709.319,1212,867463.1523,0,0,0,0,34587.99609,1197021.586,593307.4004,32615904.88,1255119.367,1020461.34,0,0,71258.62305
257,709.319,1053,4482650.281,0,0,0,0,0,42003.71875,11014660.81,70891068.75,3490429.852,8397657.07,72749.10742,76060.70508,51687.48828
258,709.319,1011,6403800.453,0,0,0,0,0,0,282959.2656,38810681.13,7697677.031,36177.14063,154754.082,0,61726.48828
259,709.34,1040,3582639.242,0,0,0,0,0,0,89850010.25,5723416.344,24482.46875,0,33617.64844,0,0
260,710.312,429,7531126.453,0,0,0,0,0,0,0,0,0,0,0,1479692.836,46099326.13
261,711.315,1325,13804866.07,0,0,0,27051.3125,7079332.191,0,209519410,32121826.31,724532.1484,424860.6074,1087797.238,442514.5508,203571.6289
262,711.315,1389,3659319.242,0,0,0,0,36309706,6053043.703,633227.4688,37419.36328,0,29540.84375,43139.36719,25308.78906,0
263,711.321,590,2390562.977,23346.15625,0,23288.04297,0,0,0,0,0,23194.125,1422789.391,201044.4375,139816798,12909715.55
264,711.336,1185,61417411.38,0,0,0,0,481553.6094,266016401.3,501133854.5,9598341.781,1701145.016,2615231.715,4425861.441,856607.207,1422722.266
265,711.336,1251,14816777.82,0,0,0,0,0,11518415.51,314326062.9,7039227.609,338244.4336,278681.7949,1092173.318,837962.7773,25644.67773
266,713.276,623,17283959.12,0,0,0,0,0,0,201236.4297,0,24028931.59,106775854.5,3202583.609,841623.8711,59456.79688
267,714.277,540,29924127.9,0,0,0,0,0,0,0,0,0,0,0,1159217733,9651878.703
268,714.292,503,8059252.797,0,0,0,0,0,0,0,0,0,0,0,304215897.1,39786002.38
269,715.274,948,32754822,0,0,0,0,0,3455962.039,866834624.8,193588962.5,4843397.641,3506751.395,3370508.145,4321297.271,139460.6016
270,716.363,904,2828154.844,0,0,0,0,0,0,0,0,0,76370931.13,10345468.67,2350319.479,18739305.69
271,717.273,704,1041191.523,53307.17578,0,0,0,0,0,0,0,0,17037349.84,51695333.75,0,0
272,717.288,1580,45417475.38,0,0,0,0,720882873.5,12414530.07,2971216.965,2011891.566,572028.9883,1298813.523,1929142.934,1722874.678,1137285.865
273,717.309,685,13056547.14,0,0,0,0,0,0,0,0,0,181754725.4,11783527.05,2168011.434,0
274,717.346,1088,9653634.59,0,0,0,0,26712.9668,0,36096757.41,142145182.7,1750966.012,117093.1973,415900.543,421945.8711,0
275,717.346,1382,2154965.426,0,0,0,0,37295132.5,1149660.496,30093.3125,0,0,24749.30859,0,0,0
276,719.288,646,52044572.38,0,0,0,0,0,0,0,0,2663377.465,554800173.1,62496935.25,6885304.182,1860249.43
277,719.288,459,5476791.719,0,0,0,0,0,0,2782710.01,202835.1641,48229.64453,62624061.94,78633386.69,94155570.88,28202357.88
278,719.339,1265,4225203.313,0,0,0,0,7246152.352,2970684.27,62032168.63,1395677.883,0,26470.13867,151191.8398,33062.78125,74348.05469
279,719.339,1508,9464502.715,0,0,0,30709932.26,153325736.5,790793.8516,598648.9199,183524.0547,0,165314.5664,418045.7109,487789.6289,0
280,719.361,1410,4029541.387,0,0,0,0,96798363.5,1648966.121,0,26393.97266,0,0,152588.2383,74583.8125,0
281,720.302,770,186984303.1,0,0,0,0,0,0,0,0,30465.69141,2889748.246,54284.60156,861433125,66121162.13
282,720.302,653,11903577.07,0,0,0,0,0,0,0,0,263859.2852,198011.1094,2907159.461,612882095.1,3283616.682
283,721.282,991,4072415.469,0,0,0,0,0,0,0,45796751.5,1227958.578,59585.12695,92397.87109,0,27451.55273
284,721.303,752,91679010.51,0,0,0,0,0,0,52373.99219,0,6155399.129,92819618.63,13371181.33,2314110338,31226247.01
285,721.303,945,228521964,26760.79102,0,0,0,0,0,4840311.789,378322.7148,397248601.1,13091394.29,18752164.73,11140676.27,1558558.807
286,721.318,1307,190253751.9,0,0,0,0,712749329.3,521428577.4,17787234.2,7647819.66,3712347.832,7446038.447,12888366.36,8457110.371,8764522.85
287,721.319,1384,3660098.578,0,0,0,0,170382507.3,41147385.94,23688.91797,0,0,135609.5195,708994.3086,867805.4336,25539.90625
288,722.315,756,16161543.87,0,0,0,0,0,0,0,0,1096445.969,110902391.5,11801768.41,585501954.3,75466462
289,722.315,856,5533842.16,0,0,0,0,0,0,0,0,27152.36328,20297966.65,425468025.9,14322816.25,2035571.867
290,722.315,651,7434146.43,23887.70703,0,0,0,0,0,0,0,0,32151051.28,371079080.7,82474550.63,389487630.1
291,722.315,462,7120106.367,0,0,0,0,0,0,0,0,0,0,0,394701.3027,237483047.9
292,723.299,822,1418189911,19088703.17,5487332.148,2101707.891,10824251.79,790420.2793,6288511.563,195496561.3,469528935.4,1521530128,430499307.1,585870551.9,556930685.5,181153925.4
293,723.299,975,99605715.63,0,26968.19141,0,0,0,0,1657414.379,597671699.1,68257581.31,59466451.5,10673048.94,742643.3789,3797286.699
294,723.299,1123,505225449.2,309008.9238,0,0,0,146325480.6,1207763510,26401757.13,93181473.38,7217495.016,18582006.28,45730884,35597821.63,9163806.256
295,723.299,788,27762881.12,0,0,0,0,0,23893.4082,2374145.965,35132508.5,27849238.25,83287333,73829913.94,197312509,0
296,723.299,1226,14129462.71,0,0,0,0,151013301,40778712.75,1160980.484,66666.39453,871356.0898,651422.2344,1055147.459,143840.0859,406521.9668
297,723.299,1092,89127031,79464.31836,0,0,0,474253.2305,417332793.9,102873305.6,70836523.28,7410319.469,10141581.21,7108839.846,5692522.254,737207.0469
298,725.317,1150,75737287.44,0,0,0,0,0,12543747.81,1632003548,34869322.75,4384867.367,3582991.484,4398274.793,330612.7578,1656839.402
299,725.339,774,78682431.25,0,0,0,0,0,0,1647722.969,0,143830101.4,3293768.75,7662912.891,1066489.727,289634.0156
300,727.292,1317,3279955.922,0,0,0,0,539776.8672,77955.60352,29400446.25,52373502,232843.5859,0,40070.5625,0,54355.83789
301,727.307,997,9746717.492,0,0,0,0,0,52137.17383,0,123002095.8,5643368.781,570651.7891,826142.0195,0,143104.0938
302,727.329,1086,1518663.82,0,0,0,0,0,0,209493.8555,37958387.06,190013.75,0,0,0,0
303,728.328,712,14728357.43,0,0,0,0,0,0,0,0,0,0,985010672.8,168439951.5,2318501.176
304,729.349,1288,2402939.852,0,0,0,0,0,10629877.13,40828345.63,342809.6758,0,0,0,0,0
305,730.34,669,9897792.891,0,0,0,0,0,0,0,0,0,4544074.082,418908468.3,57658439.25,61417632.63
306,730.34,898,35619986.88,0,0,0,0,0,0,433550.9453,0,64764702.25,44833436.31,57314718,1690300.836,1185126.57
307,730.34,771,723417.9141,0,0,0,0,0,0,0,0,0,2934592.723,41656616.25,14682539.25,771132.5898
308,731.325,1041,204316936.1,78843.31641,0,27487.61328,0,0,10705451.61,1377130219,468844058.3,21638955.59,8256961.328,9873551.133,8370114.488,7709291.086
309,731.326,1114,6019218.826,0,0,0,0,0,4547483.375,68479188.5,2223374.484,25916.73438,60783.5293,162251.4824,0,79145.25586
310,731.348,677,3536287.609,0,0,0,0,0,0,0,0,0,1744556.537,171079986.5,5747572.293,26969379.39
311,732.358,575,3233673.648,0,0,0,0,0,0,0,0,0,0,240182839.4,13104660.32,1367599.168
312,733.318,1435,3067260.348,0,0,0,52603.96875,61664849.13,88344.00586,0,57969.5625,0,0,0,28686.75,0
313,734.354,1058,6926574.742,0,0,0,0,0,0,0,0,24687.27539,136370256.8,22032676.82,697770.3359,127069.2422
314,735.332,1531,71383132.13,0,0,0,491584863.8,318825025.7,11553427.74,8422557.664,6010520.273,2232793.531,4328098.488,6958380.063,6708317.852,3594029.26
315,736.297,699,88153254.03,0,0,0,0,0,0,0,0,122027.9141,2318205.115,3964884.535,3825472711,44970032.09
316,736.297,496,144527856.8,0,0,0,0,0,0,0,0,0,23614.4375,274962.9668,14784718.73,3476366834
317,736.298,722,130490169.6,0,0,0,0,0,0,0,0,447462.2891,2597049.754,2251719.797,460786530.8,54160091.63
318,736.33,777,307589.4727,0,0,0,0,0,0,0,0,140572.3906,913869.0156,44353474.13,2455459.551,46097473
319,737.28,672,1245583.957,22988.39063,0,0,0,0,0,25150.99023,0,745343.6055,0,0,149620087.4,30017.91016
320,737.28,859,860045.4219,0,0,0,0,0,0,0,0,0,38419247.13,573478.2832,27360.38477,0
321,737.295,495,56322191.25,0,0,0,0,0,0,0,0,0,0,48405.9082,2158276.375,1452236204
322,737.302,578,20735835.01,0,0,0,0,0,0,0,0,149681.4336,350514864,9019469.945,5185652.723,4274182.766
323,737.31,963,323575006.9,543360.3633,0,0,55905.86328,0,58108.02734,7175124.281,692320667.6,419206739,28368658.22,41702888.69,15819365.4,11371938.59
324,737.31,1000,24607806.8,0,0,0,0,0,0,5004583.086,223446406.9,9641009.566,87403.62695,674839.8613,274523.9258,126677.5254
325,737.31,1103,7459870.609,0,0,0,0,0,0,11013393.28,118437531.6,3475841.309,156643.291,642306.5508,81971.92969,29492.38086
326,737.312,1290,345082824.5,31552.21094,0,0,0,1364079411,237864139.3,28309943.28,21239263.61,10975878.11,14157095.22,29222527.75,16091828.19,12984367.82
327,738.302,496,15561991.2,83776.61719,202002.3574,79785.53906,104422.3359,90328.62891,41183.47656,86605.35352,183769.4453,235631.0977,0,71659.9375,1008932.395,399786770.5
328,739.294,880,14612986.48,0,0,0,0,0,0,677331.7559,85004668.25,4705650.195,151414671,3906843.34,688616.1621,531493.1367
329,739.319,785,121741255.9,0,0,0,0,0,0,2974614.797,24410.05273,220271400.6,94404281.44,18254172.26,6027367.254,2032773.824
330,739.319,679,7057993.383,0,0,0,0,0,0,0,0,783541.8535,115158946.3,13288595.88,2595414.133,194205.8477
331,739.319,593,149068687.2,0,0,0,0,0,0,3489539.371,35651.85156,254630558.8,8869828.133,21433390.73,53594482.63,3802883.281
332,741.29,1215,146818323.9,54881.39844,0,0,0,58105.96484,419626854.6,92102850.56,0,0,5474039.906,9238242.457,1994990.117,5362147.316
333,741.313,1178,54401263,0,0,0,0,0,0,1985481.129,825980242.3,56455090.63,5551153.813,4717396.598,733887.0898,1135387.277
334,741.313,1074,32822731.41,0,0,0,0,0,0,1370060.133,5655205.063,30206453.44,235888995.2,82792027.56,6659297.238,318635.334
335,741.313,1445,124889429.3,0,0,0,0,0,468924333.4,559652344.7,19260455.41,2544178.781,4628105.953,8234232.49,5334106.303,2566106.848
336,742.344,845,1870707.254,0,0,0,0,0,0,0,0,0,57730719.81,49940884,570437.8477,0
337,743.3,1073,3886770.363,0,0,0,0,0,0,21221382.75,50887546.25,1552587.641,0,0,0,0
338,743.323,1107,34121613.13,0,0,0,0,0,1907653.797,512028134,41475320.38,626727.2422,1632073.098,2310418.982,149425.2813,988397.3906
339,744.319,680,5541618.713,0,0,0,0,23339.625,0,0,0,0,1084629.793,988648.1934,306502806.6,8272230.523
340,744.32,606,7380232.688,0,0,0,0,0,0,0,0,0,60822.91797,433595.0117,425589798.5,1206742.016
341,744.32,537,31307045.55,0,0,0,0,0,0,0,0,0,236096.5469,346751.4961,1895871.58,820057772.1
342,745.318,1332,44446921.13,0,0,0,0,29562.6582,254213097.5,10537699.98,1505661.266,284936.3633,956711.6055,1822042.252,361012.873,720964.4121
343,747.259,672,10158149.88,0,0,0,0,0,0,0,0,0,146093796.4,3136025.191,912867.9395,0
344,747.282,617,2911297.824,0,0,0,0,0,0,0,0,0,4286052.586,104583741.3,102718617.1,666376.6523
345,747.321,681,3034371.348,0,0,0,0,151289.7129,0,960626.5859,1056421.891,56240.69531,43875194.25,4066952.883,972183.8906,33447.16797
346,747.321,773,60447046.31,0,0,0,0,0,0,3043751.719,0,108095996.9,3627359.875,5763047.613,589928.1953,130784.8262
347,748.333,938,50715402.25,0,0,0,0,25817.52344,21802.17383,3627326.473,6123137.305,9772113.465,20824746.8,3408515248,296033036.4,6859765.195
348,748.349,420,3178895.262,0,0,0,0,0,0,0,24781.39648,0,0,0,176060939.5,1420337.668
349,749.34,1230,75357862.69,0,0,0,0,0,0,2276844.938,1311679617,17458166.64,5853281.355,8705637.246,1459562.168,2000020.715
350,750.348,1040,87741289.06,0,0,0,0,0,0,0,4103895.43,67779.63867,7667846.613,4467553613,672677545.5,88049210.13
351,750.348,906,116480656.9,0,0,0,0,0,0,0,334034.2461,856432.4102,563641.0684,335679172.1,3507391117,35842282
352,750.349,1005,4700906.867,0,0,0,0,0,0,0,0,3051825.398,6170116.469,64169587.56,447921342.8,13144977.2
353,751.328,1187,66258769.13,0,0,0,0,0,231868820.4,515838567.3,7616951.586,4053373.205,5781764.73,5612054.844,794111.1641,5282533.797
354,751.328,1251,44327534.55,0,0,24585.47266,0,0,33890201.66,683497672.8,9797216.734,1745435.338,2453107.986,5520074.957,4728303.199,1819980.426
355,751.328,1376,7167797.781,0,0,0,0,46806903.06,39707946.88,85115268.13,160628.1055,102091.4316,0,214843.0215,89379.93945,34551.80859
356,751.328,1286,9443049.602,0,0,0,0,0,28723807.47,129689275.8,3212048.695,317000.918,340489.3184,1248831.494,509359.1289,454694.2695
357,753.332,773,26770303.95,0,0,0,0,0,0,457066.8477,0,48639882.88,2472371.297,6396098.453,1525704.047,100158.7539
358,753.347,1487,16369232.12,0,0,0,0,267188022.8,1763529.473,1049948.766,402649.332,41760.15234,177307.1914,709637.0977,641883.5078,171006.7676
359,756.302,527,2440796.336,0,0,0,0,0,0,0,0,0,0,107674.3711,23534.70313,71514531.63
360,757.285,870,179828895.8,196267.0117,0,0,0,0,0,7277102.641,587429.707,254898023.9,16859394.78,19797656.16,5922312.461,7116131.496
361,757.285,1197,151101708.5,0,0,0,0,3264796.352,442499026.8,289415328.4,7470294.607,1969952.889,5686522.762,12925284.38,10904268.59,4414824.898
362,758.302,594,29713908.87,0,0,0,0,0,0,0,0,582548.7852,0,0,5978022.342,884346819.1
363,758.334,639,5512797.805,0,0,0,0,0,0,0,0,0,0,0,209162.7461,194199516.3
364,758.334,771,560594.9688,0,0,0,0,0,0,0,0,0,0,66069604.69,2174353.391,0
365,758.373,1158,1384111.516,0,0,0,0,0,0,0,464155,35542.1875,9801162.168,129129409.1,3660313.734,90329.67188
366,758.373,1047,50226585.88,0,0,0,0,0,0,673660.4453,0,94667847.38,15671445.91,3326301.633,1115900.182,1157801.172
367,758.373,1257,31358525.44,0,0,0,0,0,0,5212480.453,8026696.484,64265592.5,2515817.938,4301309.977,737115.6973,630183.6035
368,759.352,1398,64165062.88,0,0,45623.3125,0,819595548.4,46924543.63,7914607.881,2688071.523,1334047.967,3827938.246,7593183.834,7576986.756,2753026.777
369,761.301,728,332795703.2,157845.3965,0,0,0,0,0,4320808.277,64196.85547,210091977.3,1612007253,826382262.1,242496657.3,21090329.49
370,761.301,805,180968691.5,37512.58203,0,0,26702.74805,0,0,10088180.58,170871.9609,285365618.5,47406706.16,175674232.3,9677988.209,4384666.588
371,761.301,595,115595975.9,46567.07813,0,0,0,0,0,6850560.758,832930.0293,218017188.3,6712299.121,14370158.08,3037382.828,18112828.85
372,762.31,746,158860208.5,27373.16016,0,0,0,0,0,1273411.074,0,76295271.77,475986467.6,201656715.6,1217309061,17060755.23
373,762.35,1083,1218641.934,0,0,27007.11328,0,0,25423.16797,0,0,480875.8066,5268483.535,91747643.13,1365446.555,0
374,763.329,1286,2071957.449,0,0,0,0,0,670851.043,80480007.25,1603187.43,59608.59961,23617.29688,98753.66016,0,0
375,764.326,827,11254965.42,0,0,0,0,0,0,0,0,0,9498459.992,1131650123,251240235.4,9431866.547
376,764.326,898,6521751.648,0,0,0,0,0,0,883441.0625,0,0,8511389.797,226928984.1,70805698.56,57194493
377,764.326,701,73756900.31,0,0,0,0,0,0,228616.7305,0,0,0,31618.53906,4746503.316,1970834790
378,764.326,992,63281780.75,0,0,0,0,0,0,1010054.701,0,93977697.75,188554702,19548094.81,6858069.047,3346365.336
379,764.366,1009,916216.4648,0,0,0,0,0,0,0,0,0,93211.34375,7138100.07,231344932.9,278927.8398
380,764.366,1174,1172484.48,0,0,0,0,0,0,0,0,0,215361.4492,383545442.4,66679691.88,1738029.166
381,764.366,1053,235470.8008,0,0,0,0,0,0,0,0,0,0,1002940.051,51401201.88,0
382,765.309,1146,342201035.9,521444.8047,0,204917.8984,0,0,92987924.25,1777666131,212449090.3,36716051.38,37489945.91,55586489,46845602,23900821.46
383,765.309,915,5984061.906,0,0,0,0,0,0,349478.2656,0,0,100906848.3,127314532.6,430777.1563,0
384,765.333,701,33987717.58,0,0,0,0,0,0,0,0,0,0,923952.5664,3138543.113,872456922.3
385,765.333,627,1599207.188,0,0,0,0,0,0,0,0,0,53939.97266,164153414,3486366.617,360584.6895
386,766.302,537,22103543.14,0,0,0,0,0,0,0,26344.42578,0,79196.18164,85942.14844,548086.4414,217346944.6
387,766.339,695,21479302.85,0,0,0,0,0,0,0,0,0,32711820.13,1311765052,6624395.781,237669887.4
388,767.321,1086,18751231.51,0,0,0,0,0,0,20183622.59,256383130.9,5140516.645,801634.9531,1911592.055,1156696.68,89563.60938
389,767.321,842,10514382.54,0,0,0,0,0,0,886763.4297,0,22947263.06,40969975.88,1553914.516,1410613.828,1089743.891
390,767.345,870,763914005.3,225819.9121,26811.57031,0,185181.8984,0,0,18055835.09,1349915.008,1234335425,39716168.56,90407044.38,69152218.88,14113684.59
391,767.345,1128,82778376.75,0,0,0,0,0,0,0,1019523737,68296137.19,5529769.988,6781881.969,865460.7969,1501049.844
392,768.334,1242,6207312.426,0,0,0,0,1717580.609,0,0,0,0,155460049.6,30417488.18,972116.9297,95591.86133
393,769.317,1638,23456420.75,0,0,0,208330200.8,261120097.1,4012395.797,2667636.992,1560122.645,537408.0625,597456.1113,1825160.941,1400298.863,814623.8008
394,771.337,1345,9595948.355,0,0,0,0,6660067.047,54213747.44,427826.1953,120462.125,0,29501.32031,386052.832,85076.19141,88724.75781
395,771.337,1439,2345188.32,0,0,0,0,57461104.88,2025258.586,79079.39844,144054.248,0,0,0,0,0
396,771.354,1462,2949145.008,0,0,0,0,50324582.19,1223997.703,1702849.32,0,0,0,0,32616.03516,0
397,771.36,1488,16973237.58,0,0,0,0,276779096.6,1300231.537,1168488.262,659571.1094,70356.88477,331903.8672,844358.3184,740883.875,47417.64063
398,771.36,1535,69303047.31,0,0,0,0,1125876473,10884784.09,5035117.566,3608174.672,559659.8438,1784922.605,3569346.918,2835011.383,1459274.375
399,772.317,597,348736.2813,0,0,0,0,0,0,0,0,0,0,0,103553328.4,262629.1719
400,772.326,896,4959864.344,0,0,0,0,0,0,0,0,0,0,21697580.51,198667229.1,1800311.043
401,772.328,1036,16315084.37,0,0,0,0,0,0,0,0,0,0,299315317.3,126620316,24036073.97
402,772.35,927,43414751.38,22532.35547,0,0,0,0,0,0,0,25511235.44,875649438.4,32111739.5,11210953.97,1175091.02
403,774.367,887,214845.0664,0,0,0,0,0,0,0,0,0,106331435,1614812.059,105846858.9,0
404,774.367,732,12256629.84,0,0,0,0,0,0,0,0,0,18901550.06,820760952.9,18061847.35,2846148.961
405,775.294,1498,4485922.988,0,0,0,0,0,31572905,32144867.5,892177.5586,67177.82422,99625.19727,149965.3984,70080.51172,0
406,775.294,1017,1382268.977,0,0,0,0,0,0,0,58088247,0,53480.98633,27626.12109,37008.6875,0
407,776.329,854,5843894.055,0,0,0,0,0,0,279396.9785,0,197424.1094,12770110.52,442306888,7916251.766,861365.7383
408,776.363,1332,9004923.27,0,0,0,0,0,0,82473.50781,0,24181282.94,39470507,2643700.945,704153.623,184378.3477
409,777.296,454,46800674.41,30771.64844,0,0,0,0,0,0,0,0,336376235,269947791.4,34921864.88,2184639.137
410,777.296,420,3623471.047,0,0,0,0,0,0,0,0,0,27549.67578,251573708.3,65046627.5,754822.1602
411,778.304,766,20486009.23,0,0,0,0,0,0,0,0,105487.8203,29930319.21,19671459.07,872979181.7,11629369.09
412,778.304,571,4060601.238,0,0,0,0,0,0,0,0,0,0,1005272.381,915170.4688,139473464.3
413,779.323,1281,55467737.88,0,0,0,0,0,281961246.1,17428018.92,4470754.496,869634.3066,2322471.594,5834432.176,2187447.736,2161318.84
414,779.323,1413,16364063.25,0,0,0,0,38785698.25,96715475.63,434946.916,63647.88281,0,345093.6426,572278.1523,396138.4766,244026.6309
415,779.323,1377,3748386.012,0,0,0,0,55491695,1603284.527,34749.35547,266948.0938,0,0,28034.03906,0,0
416,780.353,1045,7130476.727,0,0,0,0,0,0,0,21805.48828,37275080.88,741121.2734,3246847.75,3010944.07,917550.6484
417,781.184,2245,3008909.68,1092805.344,45785747.63,20700310.38,649167.9609,22178084.44,35413920.38,592883.4453,10724906.91,46794037.75,24988659.44,0,21374790,3992675.016
418,782.191,2240,1611774.609,774625.0781,28623450.63,12058023.06,345730.9336,13078749.19,21128362.38,290244.6973,6355456.969,28290871.63,14463993.06,0,12016859.25,2344409.281
419,782.34,530,224286.7773,0,0,0,0,0,0,0,0,0,0,0,84429163.38,27125.98828
420,783.317,777,1999786.781,0,0,0,0,0,0,134317.959,0,29990.21875,7257687.662,91590814.13,4161930.516,29294
421,784.328,922,15699274.16,0,0,0,0,0,0,0,0,4599068.516,88953.93359,52346.39844,730440418.3,2920625.668
422,784.328,1131,171131.2344,0,0,0,0,0,0,0,5401868.477,234730.082,3086422.18,39219623.75,39568621.63,0
423,784.377,1127,10727379.66,0,0,0,0,0,0,0,79798428.25,7385040.666,323770.9473,540002.8555,65134.91211,59058.96289
424,785.317,1332,140433335.6,0,0,0,0,78634.47461,550653070.3,34357927.41,5166815.93,1532690.982,5130845.678,11619631.01,3846780.656,3927009.039
425,785.317,1380,15455934.63,0,0,0,0,54958.04688,65552160,6309989.914,14582788.06,209225.4082,523257.7344,1133592.805,171315.9961,259359.5547
426,785.325,643,2820542.941,0,0,0,0,0,0,0,0,0,0,0,308643.4609,108579564.1
427,786.332,726,35541012.38,0,0,0,0,0,0,0,0,0,0,28405683.92,1695970688,19658898.5
428,786.341,1179,135228.5313,0,0,0,0,0,0,0,327728.582,0,0,85886601.63,8709881.348,554264.7422
429,787.383,1647,1479410.383,0,0,0,653348.7969,26505269,731839.4219,31788.19922,27191.80273,0,0,0,0,0
430,788.344,842,2092927.938,0,0,0,0,0,0,0,0,0,73900.04688,86937179.13,166535406,1048415.213
431,789.332,870,439200689.9,1997144.102,167587.9727,0,792348.7109,0,410964.4648,22485326.94,1276578.777,591951846.5,36825875.47,71318938.13,59211342,27245757.96
432,789.332,1128,152319580.8,0,0,0,0,0,0,1461177.049,1063002044,140557459.8,15488658.47,18388523.52,3989171.367,5898812.068
433,789.332,1014,234820378.4,23513.70117,0,0,0,0,0,5348476.477,91680266.13,391585377.6,10976838.67,20996847.81,3512565.086,7391911.977
434,789.382,1742,321570.2539,0,0,39520.41406,31771774.94,33222.96094,0,25641.71875,0,0,0,0,0,0
435,790.364,587,203773.5352,0,0,0,0,0,0,0,0,0,0,50505430.75,36153773.38,513621.0352
436,791.305,606,1527582.098,0,0,0,28172.71484,0,0,0,0,0,38691847,1677603.578,0,0
437,791.305,524,3702241.234,0,0,0,0,0,0,0,0,0,61094087.81,5492489.695,2335689.984,0
438,791.323,1056,15101433.5,0,0,0,0,0,0,0,118546.2988,98431.39063,141618039.8,3578214.441,583194.5977,397719.8574
439,792.357,1045,5565086.641,0,0,0,0,0,0,0,0,0,0,46296286,250933134.8,465334659.9
440,792.357,1201,192936340.3,0,0,0,0,0,0,3817442.613,233305.1289,395576628.6,113208465.4,33035797.51,265398711.2,7014982.617
441,792.357,1322,48127425.56,0,23444.42969,0,0,0,0,25419.05469,1179222.816,62874837,73630910.13,220365461.1,164846796.9,24806624.44
442,792.357,1347,51364401.67,0,0,0,0,0,49996.9043,1195707.707,6829445.582,68273758.78,417576061.3,19388298.1,8057415.588,1850938.09
443,793.327,591,10452488.72,0,0,0,0,0,0,95183.09961,0,796647.1563,6168693.461,673165.3125,231401184.5,1576932.336
444,793.339,1532,361945458.6,356634.9082,0,0,0,1429537001,85046883,33771650.44,30703014.05,10900194.27,27690880.55,34956878.74,48990684.25,20919732.34
445,793.34,1488,239529890.5,28247.92188,0,0,0,1359697373,38799409.88,25877205.93,16329851.16,5557345.121,15167761.61,19270432.07,14797205.92,12363785.54
446,793.361,1211,86146649.5,0,0,0,26393.13867,0,0,1522928.742,55226.55664,151749422.2,36995670.79,7528472.633,2812719.059,2781763.951
447,794.333,924,13177240.71,0,0,0,0,0,0,0,0,5605793.039,126927050,6780744.047,2686127.75,320018.293
448,795.349,1535,39316281.75,0,0,0,0,169789129.3,10213617.36,4304855.043,4041877.367,1244020.336,3158381.918,3633588.352,3129553.336,2467346.555
449,797.353,1518,2712645.137,0,0,0,0,31178859,2714582.406,161649.2949,134968.959,0,0,66326.53906,26559.94141,0
450,798.311,860,2396191.941,0,0,0,0,0,0,403480.8281,0,79255.36719,10894609.66,70574453.31,97085992.5,899551.5391
451,798.366,867,44355.11328,0,0,0,0,0,0,0,23835.88867,0,2825700.844,0,72818148.88,43208.60156
452,799.296,1201,33429238.63,0,0,0,0,0,299375.4863,574791627.6,111643356.8,3545110.197,2149075.773,2507378.664,286092.166,1775117.645
453,799.339,807,3157276.078,0,0,0,0,0,0,0,0,0,0,2892892.586,229893.9551,133439130.4
454,800.347,891,11556071.3,0,0,0,0,0,0,0,0,244040.0273,2897902.334,852784331.9,53095102.48,1680020.387
455,800.347,833,0,0,0,0,0,0,0,0,0,0,0,625548713.6,8202388.094,61904234.25
456,800.382,1301,845774.9355,0,0,0,0,0,0,0,534552233.3,37662165.94,0,96139.33594,618850.0938,0
457,801.332,1179,126543178.3,28561.78516,0,0,0,0,0,290374.7344,1645348213,134331053.1,9572300.5,11777564.56,2467837.17,3243173.602
458,801.332,1016,4729827.551,0,0,0,0,0,0,0,0,6612298.133,52318433.94,33267616.63,829317.6836,0
459,802.327,736,30388157.11,0,0,0,0,0,0,0,0,0,680242.2266,100304.2422,162441759.5,742426809.8
460,802.396,1202,6550216.402,0,0,0,24978.18164,0,0,0,161678.7656,4739429.73,141103053.8,4257909.711,890415.334,32476.1543
461,802.398,1055,85540573.5,0,0,0,0,0,0,3436121.623,300391.4082,169863507,24026233.63,13075321.86,5631596.355,1457972.637
462,803.307,939,588658134.9,1620850.789,165967.4961,27441.91602,852783,0,333528.918,10970604.64,1477184.859,891086893.5,53568030.5,41938054.25,63967540.38,1189931.5
463,803.342,1102,12193402.13,0,0,0,0,0,0,0,124044337.8,17141732.48,952099.5156,1474087.297,225535.5078,101355.8242
464,805.324,625,4870020.625,0,0,0,0,0,0,0,21572.63672,25305.18945,1099386.242,254241168.5,7677393.482,278249.7422
465,805.324,715,50267846.38,0,25219.72656,0,0,0,0,1424393.885,0,52358750,312518271.1,6831284.578,11210258.78,2381455.445
466,805.341,1580,134795466.8,0,0,0,0,1702260498,16144297.26,9230067.027,5730714.561,2035523.508,4188876.539,9221124.988,9889134.086,3091001.293
467,806.335,1158,33837739.88,0,0,0,0,0,0,515708.8125,581569.2207,122559092.4,145018628.1,14816487.6,6305113.387,1365442.41
468,806.335,941,1152870.961,0,0,0,0,0,0,0,0,400184.7734,198033037.4,395324240.3,73932139,76994012.5
469,806.335,1061,341211954.3,0,0,0,0,0,0,6605943.395,264677.1133,599271275.1,47368648.38,212903496.6,41040558.25,6971695.617
470,807.357,1630,15989629.13,0,0,0,59870.7793,213871510.9,2737745.602,961679.2148,738713.5039,169746.3516,269194.7695,1208399.908,965109.1094,331424.957
471,809.359,1230,39721084,0,0,0,26764.19922,0,0,1500470.059,796731997.4,9138557.035,2839322.434,3467114.77,642391.1641,996072.8555
472,810.33,977,187048.6172,0,0,0,0,0,0,0,0,0,0,39680898.88,314303.7891,0
473,814.337,1299,1117791.945,0,0,0,0,0,0,894012.4688,0,116402.7109,54132126,61163889.13,61991561.75,9311937.27
474,814.337,1348,17237953.99,0,23641.46875,0,0,0,0,230302.4961,1021202.508,27972932.39,96880737.56,10303923.8,4191018.658,1454850.951
475,814.337,1061,0,30095.41797,0,0,0,0,0,0,0,0,0,0,283939.5234,110851662.3
476,814.337,1192,3985676.273,0,0,0,0,0,0,0,0,102773872.9,17269654.34,4164355.734,43648105.25,1745790.68
477,814.363,1043,490825392.3,27649.875,0,0,0,0,0,0,0,62715.6582,6655913932,917337197.8,99293836.63,11628028.15
478,815.347,1316,12507432.94,0,0,0,0,0,0,62381987.38,233158981.8,2888404.43,16962271.07,11012627.84,5243332.129,4093288.953
479,815.364,1045,231270675.1,29764.94922,0,0,0,0,0,0,0,0,3163016191,434125415.6,46278228.32,5261900.57
480,816.342,843,1656265.727,0,0,0,0,0,0,0,0,0,0,0,232586064.9,3272526.523
481,816.378,1000,77711325.88,0,0,47808.59766,0,0,0,0,0,22278582.82,1314512115,128758243.4,19065078.62,3364762.957
482,817.321,1105,8741526.969,0,0,0,0,0,0,0,46569585.38,45881158.38,874023.625,1913470.563,1443471.055,0
483,817.357,1386,25087689.16,0,0,0,0,1754263.346,121505946.8,3534937.813,805315.2305,0,580616.2969,1180666.926,708973.1582,408683.5352
484,819.295,1310,1000788.047,0,0,0,0,0,296242.5879,49243544.38,127983.5234,0,0,0,0,0
485,819.303,582,102660935,35790.59375,0,0,0,0,0,0,0,4401801.516,684046872.7,40949989.34,10623591.22,3318721.842
486,819.356,1667,2007536.848,0,0,0,0,51086218.63,53352.26953,0,0,0,0,0,0,0
487,820.349,1210,111459382,0,0,0,0,0,0,2896345.34,766788.541,246688275.9,8186262.613,11984425.6,2818208.436,2792144.025
488,820.349,1101,4227020.977,0,0,0,0,0,0,26189.95703,174928.0352,3849785.43,76042648.81,5214034.094,2045735.393,0
489,822.332,796,8014787.609,0,0,0,0,0,0,0,0,0,0,350776582.8,224095749.3,6580251.039
490,822.333,860,2140873.625,0,0,0,0,0,0,0,0,0,1671510.1,97666532.75,19248800.97,1216037.668
491,822.333,891,2262157.523,0,0,0,0,0,0,0,0,0,966388.0039,162271153.8,11957163.11,186928.793
492,822.368,949,10470629.21,0,0,0,0,25386.10938,0,0,0,99322.35156,3274948.844,6987994.828,520489675.1,7654893.531
493,822.368,1275,15655148.7,0,0,0,0,0,0,112463.834,156191545.6,14706229.36,1559484.35,2456228.496,616386.6445,533212.6543
494,823.313,1180,121132187.9,400430.168,0,0,0,0,0,4013283.973,1166494597,372432450.4,34547430,34089592.18,16500575.27,11571259.88
495,823.314,1077,112651570.1,0,0,0,0,0,0,928400.1465,1702166.371,104839464.9,603157394.6,243231222.9,14421844.02,2143864.145
496,824.377,1038,20617826.63,0,0,0,0,0,0,36174.78906,0,98949193,1726046.084,607949.4063,1949172.816,898959.9453
497,825.33,917,69454214.5,0,0,0,0,0,0,0,0,707000.2402,87983961.25,1329013.135,3209256.023,0
498,825.364,1571,16658715.72,0,0,0,0,131105.75,112488645.1,22131806.56,12556199.14,1003536.393,583541.1309,871669.3926,814468.543,402087.0469
499,826.339,1190,19780653.07,0,0,0,0,0,0,0,188556.2813,0,55363.28906,190977061.9,1030853474,7696249.074
500,826.383,1228,20178587.89,0,0,0,0,0,0,966390.4141,137641844.9,3877561.473,1582208.205,1884643.338,252768.875,331965.2852
501,827.327,1578,511212935.4,826056.2656,0,0,39847.27344,1449795398,94492424.13,60378009.38,37640752.56,24283358.25,43460410.09,73269989.25,78532955.63,37375129.96
502,827.336,687,9813356.313,0,0,0,0,0,0,0,0,0,0,0,0,323692960.9
503,827.336,905,12873901.04,0,0,0,0,0,0,0,0,0,9750539.563,286801.6035,224116.5762,480495086.5
504,828.318,1067,53780731.63,0,0,0,0,0,0,660877.1406,25149.54688,95696949.13,2328348.625,11180787.38,1465550.777,614330.7461
505,828.381,1208,4121176.313,0,0,0,0,0,0,0,2357442.578,197513.8555,162239494.6,190728.2031,0,0
506,828.381,1169,6296389.008,0,0,0,0,0,0,0,0,6929738.539,146484128.1,2739717.277,722723.8496,0
507,828.417,1540,8538551.598,0,0,0,0,244550.1484,7196004.961,183208095.5,2518027.469,106978.125,176954.3945,411309.8555,278184.8613,0
508,829.363,1445,102085372.4,0,0,0,0,0,383523221.9,450207580.9,15652624.9,2231697.113,4639886.195,7652268.266,5632459.801,1863786.977
509,830.357,981,111208943.5,0,0,0,0,0,0,0,0,0,2944648.773,270139381.9,2729340963,33701339.25
510,831.343,1228,293220113.6,250142.1563,0,0,0,0,0,13165020.94,1528992240,88172039.25,35012059.31,51324386.5,12267911.35,17173716.46
511,832.34,1230,125296019.3,96915.88867,0,0,0,0,0,5947020.922,661464403.9,41555493.48,15933282.21,20889906.75,4495799.453,9592608.063
512,834.368,1269,126623374.9,0,0,0,0,0,0,1996246.801,0,241889562,8490931.957,313208843.6,1738788.521,2433726.805
513,834.368,1463,25466459.34,0,0,0,0,0,0,516583.0645,854100.6563,53081653.75,1559091.432,2591606.824,1055623.871,236792.2227
514,834.368,1314,6830116.18,0,0,0,0,0,0,535724.1484,1988346.922,1465130.297,98247535.38,280140207.6,3271471.875,638396.6016
515,836.31,908,854200.3164,0,0,0,0,0,0,0,0,0,0,0,97835037,14711943.39
516,836.347,945,757560.1289,0,0,0,0,0,0,0,0,0,0,97204904.63,4978324.141,58159.48828
517,836.347,1047,97002807,77327.60938,0,0,0,0,0,0,0,30210.50391,560884142.6,85374355.75,18853779.67,7148179.934
518,836.384,1150,80599739.25,0,0,0,0,0,25936.67969,3654379.508,433819.2227,180479968.4,6590318.191,12971392.51,2286007.914,1735320.324
519,836.384,1281,5268787.805,0,0,0,0,0,0,0,0,2191574.773,140065184.3,6207719.211,824856.2188,96265.92188
520,837.326,1315,49138549.25,0,0,0,0,22067.98633,0,253094522.5,730861205.9,11868153.93,3248227.465,4033344.238,2742875.977,2407726.02
521,838.361,1006,51514359.13,0,0,0,0,0,0,0,0,17697288.1,373080912.6,31695994.94,2081281.141,4375960.184
522,839.307,769,9587867.316,0,0,0,0,0,0,0,0,0,160870670.1,7256308.953,0,0
523,840.318,1202,8563639.434,0,0,0,0,0,0,0,2367432.984,78135.33398,20897214.7,765303836.3,29384062.96,1602540.217
524,840.319,1120,73471793.13,0,0,0,0,0,0,1346276.57,0,144221584.6,43945552.69,11267582.13,3377341.221,1500978.545
525,840.355,1282,127865.3086,0,0,0,0,0,0,0,1362910.719,61945.8418,39748.00781,2170391.133,86609055.5,33915.52344
526,841.313,671,83408360.88,0,0,0,0,0,0,0,0,0,1340570.789,112434.9668,248751.8594,2675999434
527,841.341,1668,26132237.32,0,0,0,0,295294781.8,3119498.008,1240980.406,1251237.285,307295.957,822050.5215,2117459.121,1943750.938,554599.8945
528,841.35,832,11013676.61,0,0,0,0,0,0,0,0,0,0,0,244241.6504,618559299.6
529,841.526,2246,136976.0078,0,54151148.75,65082.29883,0,0,0,0,0,0,0,0,0,0
530,844.374,1102,1188327.623,0,0,0,0,0,0,0,0,0,126717.0742,266574464.7,48243672,815256.4219
531,844.411,1331,116767426.3,0,0,0,0,0,0,2112476.766,225035448.6,205077421.6,5011120.391,9313967.59,2714883.992,2256138.201
532,845.357,1344,3391357.516,0,0,0,0,0,0,124934436.8,166919736.6,350088.2344,86488.22656,798911.1094,461432.0273,28528.18164
533,845.395,1625,3694601.508,0,0,0,0,69761.33789,0,60026446.25,17705151.5,0,33391.01172,118318.4102,58179.55664,0
534,848.328,1185,438115.4883,0,0,0,0,0,0,0,0,0,0,23118586.72,144019197.9,1529169.691
535,848.346,1092,832459.0898,0,0,0,0,0,0,0,0,0,90055250.5,107380865.7,992329.4434,0
536,848.347,1173,1493166.305,0,0,0,0,0,0,0,0,20595.69922,66253646.75,26741365.92,75380.32031,28148.28125
537,849.346,708,63705061.75,0,0,0,0,0,0,0,0,0,0,0,3139476.984,2222843881
538,850.357,1209,997564.082,25116.37891,0,0,0,0,0,0,0,0,46841240.19,728989.4414,0,25650.73828
539,850.395,1540,3261643.063,29072.68555,0,0,25806.05859,0,3571779.027,85605334.13,2693991.809,230123.6758,273891.334,361403.2656,240113.0762,104893.0547
540,851.342,1442,518258908.4,528191.5195,0,0,0,23162.5918,1135016141,1175068887,120356067.4,28212717.38,37596403.03,40749194.38,53015690.5,20550968.82
541,852.337,970,9774369.859,0,0,0,0,0,0,0,0,0,299811.6113,31062089.86,275728627.7,4450713.957
542,856.348,1313,3352271.918,0,0,0,0,0,0,0,37262.32422,753797.6328,62673063.81,115881136.6,2629865.168,764389.6641
543,856.348,1463,17375397.37,0,0,0,0,0,0,94660.30078,478921.3867,48599651,2502156.305,2912577.734,1859716.281,608376.125
544,856.348,1245,37912501.32,0,0,0,0,0,0,28906.20703,0,89051233.38,6491569.121,10784072.59,2940657.613,2488505.273
545,858.369,1147,10383332.98,23455.00391,0,0,0,24681.8457,0,0,0,96051257.19,6238446.957,7398674.43,2187393.914,3049323.035
546,858.369,1280,1032356.58,0,0,0,0,0,0,0,0,1526339.938,63707443.13,4109234.094,215779.1328,286671.4102
547,861.312,1574,8153229.648,0,0,0,0,13088706.77,40506000.25,717129.7852,424609.4941,83664.85547,452599.4707,334289.5547,327980.0195,265696.5547
548,861.321,789,15042819.46,0,0,0,0,0,0,0,0,63704.55078,1164654.465,0,124405.75,506978434.3
549,861.322,975,1318744.822,0,0,0,0,0,0,0,0,0,24642.61133,0,65534.02344,62696725.63
550,863.36,804,6141608.996,0,0,0,0,0,0,0,0,0,0,0,285274287.8,105498518.4
551,864.338,971,1080560.445,0,0,0,0,0,0,0,28876.96875,0,0,68409187.94,217158654,2012318.055
552,864.338,1014,5720494.102,0,0,0,0,0,0,0,0,0,15367880.73,84726421.94,14974614.94,1569144.656
553,864.34,1075,17414425.21,0,0,0,0,0,0,24538.54688,211196.0957,0,73119978.75,711115626.6,325996220.6,9544990.701
554,865.357,1540,20944284.41,0,0,0,0,604782.6641,135450280.8,12703791.27,1482787.789,225602.7969,753304.8848,1481424.166,1105321.068,480420.416
555,865.359,1394,1930869.648,0,0,0,0,0,2679935.434,38068343.5,627212.4883,66175.41406,0,50403.73438,0,0
556,866.393,1330,53502817.66,39225.91406,0,0,221460.5625,30757.43945,70906.10547,421177.377,75593987.38,131588324.1,5549206.949,9757172.805,3483386.828,2825210.75
557,867.381,1626,24017807.09,0,0,0,0,25329.49219,851882.0781,184134988.5,70619758.25,1785470.115,211421.5703,989107.4141,712502.1406,269059.0215
558,868.356,1418,9908985.156,0,0,0,0,0,0,0,103459935.4,280013.8574,29340669.82,716098908.1,48375547.63,1449574.828
559,869.352,941,212183645.9,0,0,0,0,0,0,0,0,0,0,0,8722667.98,7184516227
560,869.392,1670,7943880.875,0,0,0,0,28277618.63,49839618.25,662368.6563,80413.23438,0,165375.582,270758.3828,260909.7813,96626.82813
561,870.361,1433,984120.5117,0,0,0,0,0,0,0,162644.0586,0,6381033.852,117781604.8,7896104.094,1178499.578
562,872.373,933,260050.9844,0,0,0,0,0,0,0,0,0,0,0,75596813.88,0
563,872.373,867,1000952.211,0,0,0,0,0,23869.74805,0,0,0,0,4126391.027,228570885,540179.6406
564,874.363,1337,1645619.887,0,0,0,0,0,0,0,0,0,57349482.13,985484.8398,41678.96094,27492.52148
565,881.32,878,16914947.32,0,0,0,0,0,0,0,0,5909155.211,241521829,6553545.33,1203256.535,872313.8164
566,882.33,1231,15187053.31,0,0,0,0,0,0,0,0,17639173.81,63911608.31,2208280.188,203207.7539,100403.498
567,883.33,776,46373277.63,0,0,0,0,0,0,0,0,0,218882.8457,971767.2617,769669.6172,1760217066
568,883.36,1084,42920887.88,0,0,0,0,0,0,0,0,0,0,0,3567718.309,1714668667
569,884.403,1197,1396644.496,0,0,0,0,0,0,0,0,0,0,146308064.3,77820829.13,157917.1953
570,885.328,1499,29288247.38,0,0,0,0,0,162034809.3,167661765.1,10328618.43,681241.6504,1498173.625,2228604.668,2029923.781,801228.2148
571,890.336,1433,3162983.645,0,0,0,0,0,0,0,1342284.494,290135.0313,33896555.79,162459277.3,36665547.27,1819869.445
572,890.376,857,0,0,0,0,0,0,0,0,0,0,0,269472.9082,86578275.25,231793.5234
573,891.33,941,12116549.99,29445.39063,0,0,0,0,0,0,0,0,0,0,532073.4473,256963419.8
574,892.407,1610,9624545.582,0,0,0,0,28257.08203,0,0,0,6888435.773,176851226.6,3796935.133,1483189.01,141751.1992
575,893.416,1609,4825452.668,0,0,0,0,0,0,0,0,3201062.32,90578789,1710198.379,766878.918,31797.48828
576,894.426,1631,3563192.762,0,0,0,0,0,0,0,907450.2813,3838431.078,48982216.75,1055157.164,360196.291,0
577,895.374,1424,2238348.344,0,0,0,0,0,27703.54688,49793621.38,11183782.39,30713.48438,0,0,0,0
578,895.407,1768,27447941.31,0,0,0,0,157919062,86062925.44,1558382.615,996322.8281,83620.67969,666442.1387,1427444.266,1663659.381,323687.0801
579,897.375,1333,1044449.988,0,0,0,0,0,0,0,0,0,0,0,1514510.121,45745363.31
580,903.335,1024,30550615.71,0,0,0,0,0,24721.77344,0,0,0,0,0,0,1013178521
581,905.349,1085,10349738.21,0,0,0,0,0,28569.09375,0,0,0,0,0,102358.8613,161879179
582,906.39,1200,1727922.279,0,0,0,0,0,0,0,0,0,76632.82031,152108879.6,85458140,955319.2969
583,914.392,1610,9702100.027,0,0,0,0,0,0,0,0,10365431.14,144878138.1,5787584.031,2599564.736,547201.1035
584,916.412,1631,2784933.707,0,0,0,0,0,0,0,685796.9141,4787811.688,37681163,1337138.004,273364.0859,0
585,927.391,1213,0,0,0,0,0,0,0,0,0,24264.46094,0,324362.9102,43823537.88,27239.42773
586,983.559,1688,20688288.55,218517.541,1984788506,10330596.5,188105.7598,146742.8203,144823.7656,76445.86719,62185.83398,0,0,40811.48438,84880.92773,0
587,987.593,1777,502689.8203,0,379780262,311336.541,0,0,0,0,0,0,0,0,0,0