shared name,IDs,cor,cor_pval,r2,r2_pval
1,270.279 1698 1 (ID: 9),-0.3243776067,0.2578493567,0.1052208317,0.2578493567
2,271.283 1699 1 (ID: 355),-0.3183746499,0.2672711997,0.1013624177,0.2672711997
3,279.174 1413 1 (ID: 511),0.1134497841,0.6993750598,0.0128708535,0.6993750598
4,280.264 1420 1 (ID: 1029),-0.2007029591,0.4914532731,0.0402816778,0.4914532731
5,281.190 1031 1 (ID: 1070),-0.2013304337,0.4900712251,0.0405339435,0.4900712251
6,282.279 1660 1 (ID: 345),-0.2019289702,0.4887546096,0.0407753090,0.4887546096
7,297.185 1652 1 (ID: 1035),-0.2712138909,0.3482836663,0.0735569746,0.3482836663
8,297.185 1556 1 (ID: 357),-0.2148748882,0.4606882154,0.0461712176,0.4606882154
9,298.311 1968 1 (ID: 132),-0.2966429267,0.3030698226,0.0879970259,0.3030698226
10,313.179 1721 1 (ID: 538),0.5141490934,0.0599876302,0.2643492903,0.0599876302
11,315.195 1687 1 (ID: 181),-0.2143873815,0.4617306873,0.0459619493,0.4617306873
12,315.195 1777 1 (ID: 1042),-0.2037285311,0.4848060695,0.0415053144,0.4848060695
13,341.267 1509 1 (ID: 1074),-0.2053974044,0.4811577499,0.0421880937,0.4811577499
14,363.250 1511 1 (ID: 1094),-0.2072813694,0.4770548838,0.0429655661,0.4770548838
15,383.165 564 2 (ID: 1002),0.2296734384,0.4295951261,0.0527498883,0.4295951261
16,383.220 1668 1 (ID: 429),-0.1879532323,0.5199229485,0.0353264175,0.5199229485
17,383.222 1524 1 (ID: 259),0.5347938638,0.0487932731,0.2860044768,0.0487932731
18,383.222 1615 1 (ID: 19),-0.0375742321,0.8985243128,0.0014118229,0.8985243128
19,383.222 1698 1 (ID: 60),-0.2429852581,0.4025608836,0.0590418356,0.4025608836
20,383.222 1407 1 (ID: 37),-0.0666029710,0.8210295805,0.0044359557,0.8210295805
21,387.216 1361 1 (ID: 696),0.2818558152,0.3289302608,0.0794427006,0.3289302608
22,393.166 642 2 (ID: 941),0.2283872514,0.4322546056,0.0521607366,0.4322546056
23,397.179 821 2 (ID: 970),0.2113073268,0.4683433460,0.0446507863,0.4683433460
24,397.180 672 1 (ID: 354),0.1722076408,0.5560666488,0.0296554716,0.5560666488
25,400.157 589 1 (ID: 988),0.2286594769,0.4316910288,0.0522851564,0.4316910288
26,400.175 809 2 (ID: 1025),0.2259544403,0.4373075398,0.0510554091,0.4373075398
27,401.232 1290 1 (ID: 171),0.9115338972,0.0000057064,0.8308940458,0.0000057064
28,401.232 1411 1 (ID: 29),0.1564823708,0.5931858904,0.0244867324,0.5931858904
29,401.232 1619 1 (ID: 23),0.6400737727,0.0136797352,0.4096944346,0.0136797352
30,401.232 1527 1 (ID: 7),0.8787997068,0.0000350720,0.7722889247,0.0000350720
31,404.170 605 1 (ID: 971),0.2278763844,0.4333132295,0.0519276466,0.4333132295
32,410.158 731 2 (ID: 989),0.2251990209,0.4388825227,0.0507145990,0.4388825227
33,414.173 687 2 (ID: 977),0.2337710775,0.4211776782,0.0546489167,0.4211776782
34,414.173 905 2 (ID: 1008),0.2272913955,0.4345270469,0.0516613785,0.4345270469
35,417.335 1560 1 (ID: 1087),-0.1971606703,0.4992892922,0.0388723299,0.4992892922
36,418.187 923 1 (ID: 955),0.1668640842,0.5685690017,0.0278436226,0.5685690017
37,419.193 691 1 (ID: 927),-0.1612979927,0.5817144708,0.0260170424,0.5817144708
38,421.162 672 2 (ID: 205),0.2359012835,0.4168352438,0.0556494156,0.4168352438
39,421.180 832 2 (ID: 1007),0.2199536864,0.4498961936,0.0483796242,0.4498961936
40,421.181 1077 2 (ID: 965),0.2303147028,0.4282722602,0.0530448623,0.4282722602
41,425.175 708 2 (ID: 186),0.2361570000,0.4163155117,0.0557701287,0.4163155117
42,425.377 1935 1 (ID: 1092),-0.2589283593,0.3713871184,0.0670438953,0.3713871184
43,428.169 812 2 (ID: 1019),0.2242575145,0.4408494346,0.0502914328,0.4408494346
44,428.189 1188 2 (ID: 930),0.2172019384,0.4557279060,0.0471766820,0.4557279060
45,431.164 790 2 (ID: 998),0.2308464652,0.4271768497,0.0532900905,0.4271768497
46,431.164 975 2 (ID: 1015),0.2224580333,0.4446209219,0.0494875766,0.4446209219
47,432.167 788 1 (ID: 935),0.2282487615,0.4325414572,0.0520974971,0.4325414572
48,432.184 803 2 (ID: 344),-0.0835724692,0.7763782425,0.0069843576,0.7763782425
49,435.177 919 2 (ID: 218),0.3478956928,0.2228914649,0.1210314131,0.2228914649
50,439.357 1214 1 (ID: 1081),-0.1975849552,0.4983476910,0.0390398145,0.4983476910
51,439.357 1157 1 (ID: 1085),-0.2248355293,0.4396413778,0.0505510152,0.4396413778
52,439.357 1577 1 (ID: 1095),-0.2165846211,0.4570412209,0.0469088981,0.4570412209
53,441.372 1526 1 (ID: 1091),-0.2001993652,0.4925637796,0.0400797858,0.4925637796
54,442.168 776 2 (ID: 197),0.2314763041,0.4258812419,0.0535812793,0.4258812419
55,442.186 1085 2 (ID: 184),0.2307960023,0.4272807405,0.0532667947,0.4272807405
56,443.242 1625 1 (ID: 363),-0.1906154307,0.5139180722,0.0363342424,0.5139180722
57,445.180 1199 1 (ID: 952),0.2218709111,0.4458549041,0.0492267012,0.4458549041
58,445.191 1050 2 (ID: 885),-0.1802675614,0.5374329049,0.0324963937,0.5374329049
59,452.168 1024 1 (ID: 207),0.2317394007,0.4253406304,0.0537031498,0.4253406304
60,459.236 1282 1 (ID: 818),-0.1817962018,0.5339298949,0.0330498590,0.5339298949
61,464.181 847 1 (ID: 997),0.2234978885,0.4424395695,0.0499513061,0.4424395695
62,464.200 1211 2 (ID: 846),-0.1721746866,0.5561433932,0.0296441227,0.5561433932
63,465.370 2044 1 (ID: 1068),-0.2786768656,0.3346468501,0.0776607954,0.3346468501
64,465.370 1966 1 (ID: 1075),-0.2861659618,0.3212679487,0.0818909577,0.3212679487
65,465.370 1944 1 (ID: 1082),-0.2197800682,0.4502630486,0.0483032784,0.4502630486
66,466.186 1442 1 (ID: 968),0.2231577132,0.4431525852,0.0497993649,0.4431525852
67,467.387 2205 1 (ID: 1044),-0.1788518477,0.5406860465,0.0319879834,0.5406860465
68,481.293 1687 1 (ID: 1051),-0.2106686878,0.4697201301,0.0443812960,0.4697201301
69,481.365 1906 1 (ID: 131),-0.3216741547,0.2620674275,0.1034742618,0.2620674275
70,483.378 2087 1 (ID: 1057),-0.1946896419,0.5047894179,0.0379040567,0.5047894179
71,483.380 1940 1 (ID: 1066),-0.1988750491,0.4954896770,0.0395512852,0.4954896770
72,497.288 1375 1 (ID: 288),0.3374212016,0.2380763260,0.1138530673,0.2380763260
73,501.340 1465 1 (ID: 162),-0.3422631134,0.2309802627,0.1171440388,0.2309802627
74,503.275 1684 1 (ID: 189),-0.2526127717,0.3835767154,0.0638132124,0.3835767154
75,503.275 1415 1 (ID: 584),0.1151804559,0.6949883010,0.0132665374,0.6949883010
76,503.275 1556 1 (ID: 1046),-0.2147191602,0.4610210960,0.0461043177,0.4610210960
77,505.291 1779 1 (ID: 1056),-0.2196836060,0.4504669365,0.0482608867,0.4504669365
78,505.291 1651 1 (ID: 1053),-0.2773284739,0.3370882896,0.0769110825,0.3370882896
79,519.269 1374 1 (ID: 27),0.1071739491,0.7153548907,0.0114862554,0.7153548907
80,519.269 1594 1 (ID: 1039),-0.2128968587,0.4649250633,0.0453250724,0.4649250633
81,521.273 1188 1 (ID: 192),-0.0561341312,0.8488381788,0.0031510407,0.8488381788
82,531.310 1559 1 (ID: 578),0.1778621298,0.5429653638,0.0316349372,0.5429653638
83,537.249 1181 1 (ID: 56),-0.0589976883,0.8412140572,0.0034807272,0.8412140572
84,537.250 1346 1 (ID: 1121),-0.1339265105,0.6480642637,0.0179363102,0.6480642637
85,541.314 1404 1 (ID: 257),-0.0519316051,0.8600493649,0.0026968916,0.8600493649
86,545.363 1432 1 (ID: 349),-0.3208294225,0.2633938557,0.1029315183,0.2633938557
87,547.288 1043 1 (ID: 385),-0.1264812368,0.6665670209,0.0159975032,0.6665670209
88,553.243 950 1 (ID: 445),-0.0637432913,0.8286077824,0.0040632072,0.8286077824
89,553.243 1143 1 (ID: 95),-0.1278224836,0.6632203940,0.0163385873,0.6632203940
90,553.243 883 1 (ID: 269),0.1288930975,0.6605532196,0.0166134306,0.6605532196
91,555.309 1898 1 (ID: 1060),-0.2194846330,0.4508876406,0.0481735041,0.4508876406
92,559.131 1809 1 (ID: 612),-0.2174099837,0.4552857148,0.0472671010,0.4552857148
93,561.280 1566 1 (ID: 446),-0.0914120486,0.7559566701,0.0083561626,0.7559566701
94,563.296 1291 1 (ID: 164),0.9075546687,0.0000073650,0.8236554766,0.0000073650
95,563.296 1406 1 (ID: 28),-0.0377140529,0.8981484877,0.0014223498,0.8981484877
96,567.332 1609 1 (ID: 68),-0.0291072134,0.9213170119,0.0008472299,0.9213170119
97,569.345 1706 1 (ID: 248),-0.0812518040,0.7824498879,0.0066018556,0.7824498879
98,571.254 944 1 (ID: 280),-0.0621936204,0.8327202762,0.0038680464,0.8327202762
99,571.255 559 1 (ID: 626),0.9056335110,0.0000082969,0.8201720563,0.0000082969
100,571.301 1719 1 (ID: 50),0.6352064565,0.0146493699,0.4034872424,0.0146493699
101,571.301 1482 1 (ID: 525),0.5116127778,0.0614800771,0.2617476344,0.0614800771
102,573.319 1598 1 (ID: 583),0.2045534555,0.4830010798,0.0418421162,0.4830010798
103,573.319 1808 1 (ID: 531),0.4730850317,0.0875414696,0.2238094472,0.0875414696
104,575.284 1094 1 (ID: 389),-0.1172268336,0.6898127501,0.0137421305,0.6898127501
105,575.295 1480 1 (ID: 530),0.1158785413,0.6932213528,0.0134278363,0.6932213528
106,577.265 730 1 (ID: 18),-0.0131248920,0.9644807058,0.0001722628,0.9644807058
107,577.265 644 1 (ID: 652),-0.0755659476,0.7973741286,0.0057102124,0.7973741286
108,577.265 998 1 (ID: 194),0.9192333882,0.0000033613,0.8449900220,0.0000033613
109,577.297 1627 1 (ID: 880),-0.1754199587,0.5486073830,0.0307721619,0.5486073830
110,577.297 1548 1 (ID: 921),-0.1600931990,0.5845759785,0.0256298324,0.5845759785
111,577.795 1549 1 (ID: 858),-0.1596384493,0.5856575313,0.0254844345,0.5856575313
112,581.274 1139 1 (ID: 158),-0.1037641477,0.7240832019,0.0107669983,0.7240832019
113,587.249 904 1 (ID: 598),0.1149359443,0.6956075338,0.0132102713,0.6956075338
114,589.311 1607 1 (ID: 10),-0.0006814774,0.9981552208,0.0000004644,0.9981552208
115,589.311 1520 1 (ID: 22),0.8733971435,0.0000450108,0.7628225703,0.0000450108
116,589.391 1410 1 (ID: 1030),-0.3393937057,0.2351695874,0.1151880875,0.2351695874
117,590.317 1607 1 (ID: 170),0.0300855913,0.9186800929,0.0009051428,0.9186800929
118,591.326 1707 1 (ID: 152),-0.0859961284,0.7700497819,0.0073953341,0.7700497819
119,591.326 1854 1 (ID: 1088),-0.1854975776,0.5254896379,0.0344093513,0.5254896379
120,591.326 1626 1 (ID: 142),0.9117805881,0.0000056147,0.8313438408,0.0000056147
121,595.252 1142 1 (ID: 72),-0.1347732701,0.6459715954,0.0181638343,0.6459715954
122,595.252 742 1 (ID: 487),-0.0521838569,0.8593757141,0.0027231549,0.8593757141
123,595.256 1290 1 (ID: 1098),-0.0653354179,0.8243868671,0.0042687168,0.8243868671
124,595.290 1290 1 (ID: 58),-0.0603455947,0.8376297360,0.0036415908,0.8376297360
125,597.269 1165 1 (ID: 1),-0.0986400893,0.7372581323,0.0097298672,0.7372581323
126,597.271 1213 1 (ID: 89),-0.1110936659,0.7053611627,0.0123418026,0.7053611627
127,597.271 1037 1 (ID: 241),-0.1049325320,0.7210888361,0.0110108363,0.7210888361
128,597.271 1306 1 (ID: 97),-0.1019036598,0.7288588723,0.0103843559,0.7288588723
129,597.271 896 1 (ID: 188),0.1253691819,0.6693461579,0.0157174318,0.6693461579
130,598.265 597 1 (ID: 785),-0.1376264559,0.6389382484,0.0189410414,0.6389382484
131,598.270 1168 1 (ID: 465),-0.0972169637,0.7409293593,0.0094511380,0.7409293593
132,605.305 1225 1 (ID: 928),-0.1697048050,0.5619080275,0.0287997208,0.5619080275
133,605.310 1625 1 (ID: 360),-0.1900951575,0.5150891347,0.0361361689,0.5150891347
134,605.310 1680 1 (ID: 1073),-0.1858077183,0.5247851268,0.0345245082,0.5247851268
135,605.310 1117 1 (ID: 425),-0.0932563226,0.7511733920,0.0086967417,0.7511733920
136,609.269 999 1 (ID: 488),-0.0775463754,0.7921683285,0.0060134403,0.7921683285
137,613.266 824 1 (ID: 107),0.9102382528,0.0000062087,0.8285336769,0.0000062087
138,613.266 874 1 (ID: 372),0.9131680256,0.0000051210,0.8338758430,0.0000051210
139,615.279 823 1 (ID: 508),0.0213031851,0.9423752073,0.0004538257,0.9423752073
140,615.326 1718 1 (ID: 552),0.1221411731,0.6774354806,0.0149184662,0.6774354806
141,619.272 729 1 (ID: 17),-0.0235440034,0.9363244900,0.0005543201,0.9363244900
142,621.291 557 1 (ID: 737),-0.1301160264,0.6575111673,0.0169301803,0.6575111673
143,621.291 1039 1 (ID: 271),-0.0734790946,0.8028681617,0.0053991773,0.8028681617
144,621.292 435 1 (ID: 868),-0.1735553369,0.5529319606,0.0301214550,0.5529319606
145,625.301 1176 1 (ID: 74),-0.1134380152,0.6994049208,0.0128681833,0.6994049208
146,625.301 1531 1 (ID: 359),-0.1960852322,0.5016796466,0.0384494183,0.5016796466
147,629.309 1564 1 (ID: 926),-0.2210933333,0.4474917793,0.0488822620,0.4474917793
148,631.311 1040 1 (ID: 496),-0.0782895916,0.7902167559,0.0061292602,0.7902167559
149,631.324 1759 1 (ID: 1077),-0.1959918220,0.5018875155,0.0384127943,0.5018875155
150,631.468 1240 1 (ID: 1049),-0.1778973002,0.5428842954,0.0316474494,0.5428842954
151,633.337 1880 1 (ID: 1086),-0.2256881412,0.4378624272,0.0509351371,0.4378624272
152,635.244 877 1 (ID: 464),-0.1011475959,0.7308022319,0.0102308362,0.7308022319
153,635.268 454 1 (ID: 801),-0.1500188910,0.6087221449,0.0225056677,0.6087221449
154,637.263 823 1 (ID: 528),0.0032565220,0.9911846491,0.0000106049,0.9911846491
155,637.283 644 1 (ID: 706),-0.0739268887,0.8016885373,0.0054651849,0.8016885373
156,639.280 895 1 (ID: 140),0.1206559003,0.6811684865,0.0145578463,0.6811684865
157,641.294 836 1 (ID: 375),0.9241186818,0.0000023368,0.8539953381,0.0000023368
158,641.294 742 1 (ID: 100),0.8295881610,0.0002423149,0.6882165169,0.0002423149
159,641.294 776 1 (ID: 544),0.2043453314,0.4834561699,0.0417570145,0.4834561699
160,643.306 1115 1 (ID: 1111),-0.0713995181,0.8083514705,0.0050978912,0.8083514705
161,643.311 1170 1 (ID: 1197),-0.0580939467,0.8436188719,0.0033749066,0.8436188719
162,647.307 997 1 (ID: 157),0.9124461151,0.0000053732,0.8325579130,0.0000053732
163,649.321 1409 1 (ID: 1163),-0.0618551587,0.8336190140,0.0038260607,0.8336190140
164,649.322 913 1 (ID: 452),-0.0554638307,0.8506246303,0.0030762365,0.8506246303
165,651.277 1006 1 (ID: 395),-0.1302247971,0.6572408365,0.0169584978,0.6572408365
166,657.265 984 1 (ID: 514),0.2262132348,0.4367686268,0.0511724276,0.4367686268
167,657.284 803 1 (ID: 515),0.2270910855,0.4349430698,0.0515703611,0.4349430698
168,658.285 471 1 (ID: 865),-0.1662314109,0.5700569539,0.0276328820,0.5700569539
169,659.307 838 1 (ID: 272),0.0305321826,0.9174766990,0.0009322142,0.9174766990
170,661.282 435 1 (ID: 852),-0.1677621388,0.5664596872,0.0281441352,0.5664596872
171,661.287 945 1 (ID: 163),0.9091680974,0.0000066505,0.8265866293,0.0000066505
172,661.301 1080 1 (ID: 504),-0.0809477440,0.7832462732,0.0065525373,0.7832462732
173,663.297 712 1 (ID: 655),0.0693537516,0.8137536233,0.0048099429,0.8137536233
174,664.312 647 1 (ID: 120),-0.2163755217,0.4574864888,0.0468183664,0.4574864888
175,664.312 613 1 (ID: 732),-0.2040450839,0.4841130558,0.0416343962,0.4841130558
176,665.290 906 1 (ID: 276),0.0084246298,0.9771969615,0.0000709744,0.9771969615
177,665.290 1095 1 (ID: 1109),-0.0961148313,0.7437760519,0.0092380608,0.7437760519
178,665.291 1176 1 (ID: 21),-0.0441010522,0.8810031519,0.0019449028,0.8810031519
179,666.296 1191 1 (ID: 365),0.0014913680,0.9959628352,0.0000022242,0.9959628352
180,667.311 1164 1 (ID: 4),-0.0949978074,0.7466643148,0.0090245834,0.7466643148
181,667.311 1086 1 (ID: 558),0.1129359513,0.7006791662,0.0127545291,0.7006791662
182,667.311 1239 1 (ID: 238),-0.1184240388,0.6867906820,0.0140242530,0.6867906820
183,669.289 697 1 (ID: 154),0.9087507303,0.0000068296,0.8258278899,0.0000068296
184,671.322 1325 1 (ID: 443),-0.0693908245,0.8136556574,0.0048150865,0.8136556574
185,671.322 1431 1 (ID: 1184),-0.0632265776,0.8299785813,0.0039976001,0.8299785813
186,673.285 623 1 (ID: 645),-0.0765991848,0.7946571457,0.0058674351,0.7946571457
187,675.263 460 1 (ID: 339),-0.2007947721,0.4912509363,0.0403185405,0.4912509363
188,675.296 878 1 (ID: 448),-0.0837223327,0.7759865528,0.0070094290,0.7759865528
189,677.281 582 1 (ID: 215),-0.0690925782,0.8144438500,0.0047737844,0.8144438500
190,677.350 1087 1 (ID: 588),0.0909301885,0.7572077617,0.0082682992,0.7572077617
191,678.289 721 1 (ID: 821),-0.1672114331,0.5677527760,0.0279596634,0.5677527760
192,678.290 785 1 (ID: 330),-0.2028680037,0.4866923364,0.0411554269,0.4866923364
193,679.272 896 1 (ID: 191),0.1708268288,0.5592861484,0.0291818054,0.5592861484
194,679.296 732 1 (ID: 25),-0.0358439356,0.9031767992,0.0012847877,0.9031767992
195,679.305 1346 1 (ID: 1135),-0.1700092683,0.5611960657,0.0289031513,0.5611960657
196,679.312 861 1 (ID: 535),0.1057974125,0.7188746850,0.0111930925,0.7188746850
197,680.303 672 1 (ID: 824),-0.1662274439,0.5700662888,0.0276315631,0.5700662888
198,680.303 621 1 (ID: 838),-0.1715852844,0.5575167618,0.0294415098,0.5575167618
199,680.303 463 1 (ID: 346),-0.1118856647,0.7033471731,0.0125184020,0.7033471731
200,680.303 395 1 (ID: 984),0.2271365846,0.4348485555,0.0515910281,0.4348485555
201,681.290 558 1 (ID: 214),0.9034696938,0.0000094602,0.8162574877,0.0000094602
202,681.290 742 1 (ID: 106),0.8373433238,0.0001865220,0.7011438418,0.0001865220
203,681.290 1076 1 (ID: 48),0.0324952404,0.9121889834,0.0010559407,0.9121889834
204,681.290 839 1 (ID: 267),0.0013570521,0.9963264289,0.0000018416,0.9963264289
205,681.310 462 1 (ID: 348),-0.1173353367,0.6895386810,0.0137675812,0.6895386810
206,683.283 1400 1 (ID: 361),-0.1919249872,0.5109757793,0.0368352007,0.5109757793
207,683.303 823 1 (ID: 3),0.9136824995,0.0000049473,0.8348157099,0.0000049473
208,683.303 969 1 (ID: 49),0.1543914432,0.5981945705,0.0238367177,0.5981945705
209,683.303 786 1 (ID: 124),-0.0803870431,0.7847153619,0.0064620767,0.7847153619
210,684.310 823 1 (ID: 5),0.9136215840,0.0000049676,0.8347043988,0.0000049676
211,685.319 1098 1 (ID: 169),-0.1064071075,0.7173150555,0.0113224725,0.7173150555
212,688.332 589 1 (ID: 43),-0.1538401949,0.5995178206,0.0236668056,0.5995178206
213,688.332 502 1 (ID: 887),-0.1586185439,0.5880861485,0.0251598425,0.5880861485
214,688.332 763 1 (ID: 803),-0.1270226617,0.6652153803,0.0161347566,0.6652153803
215,688.332 425 1 (ID: 350),0.1898280911,0.5156907312,0.0360347042,0.5156907312
216,689.316 895 1 (ID: 284),0.3041120341,0.2904682198,0.0924841293,0.2904682198
217,689.316 1230 1 (ID: 149),0.1224264758,0.6767192001,0.0149882420,0.6767192001
218,689.316 1044 1 (ID: 390),-0.1218057394,0.6782779442,0.0148366381,0.6782779442
219,689.316 1011 1 (ID: 57),0.0410104170,0.8892940816,0.0016818543,0.8892940816
220,691.269 1001 1 (ID: 437),-0.0765594189,0.7947616736,0.0058613446,0.7947616736
221,691.331 1040 1 (ID: 79),-0.0679316925,0.8175133369,0.0046147148,0.8175133369
222,693.285 1037 1 (ID: 105),-0.1201496067,0.6824425345,0.0144359280,0.6824425345
223,693.292 937 1 (ID: 274),-0.0430295105,0.8838764250,0.0018515388,0.8838764250
224,694.287 496 1 (ID: 900),-0.1595975811,0.5857547694,0.0254713879,0.5857547694
225,694.287 467 1 (ID: 897),-0.1592803374,0.5865098130,0.0253702259,0.5865098130
226,694.321 546 1 (ID: 815),-0.1703051525,0.5605045291,0.0290038450,0.5605045291
227,695.290 443 1 (ID: 308),-0.1602405508,0.5842256980,0.0256770341,0.5842256980
228,695.304 887 1 (ID: 150),0.1993135181,0.4945200475,0.0397258785,0.4945200475
229,695.304 1021 1 (ID: 391),-0.1454032533,0.6199118549,0.0211421061,0.6199118549
230,696.296 431 1 (ID: 793),-0.1596495873,0.5856310315,0.0254879907,0.5856310315
231,697.282 906 1 (ID: 221),0.1417420557,0.6288425613,0.0200908104,0.6288425613
232,697.323 1104 1 (ID: 590),0.1085317995,0.7118880193,0.0117791515,0.7118880193
233,697.323 1000 1 (ID: 593),0.1300438808,0.6576904944,0.0169114109,0.6576904944
234,697.324 964 1 (ID: 67),0.4393901683,0.1159566183,0.1930637200,0.1159566183
235,698.293 744 1 (ID: 315),-0.2155434843,0.4592603680,0.0464589936,0.4592603680
236,699.277 1272 1 (ID: 1189),-0.0639949487,0.8279403201,0.0040953535,0.8279403201
237,700.368 1248 1 (ID: 576),0.1238186291,0.6732277143,0.0153310529,0.6732277143
238,701.293 861 1 (ID: 586),0.1032518765,0.7253972240,0.0106609500,0.7253972240
239,701.314 827 1 (ID: 198),0.9187790471,0.0000034728,0.8441549374,0.0000034728
240,702.312 640 1 (ID: 828),-0.1648496574,0.5733122215,0.0271754096,0.5733122215
241,703.290 730 1 (ID: 133),0.9094068456,0.0000065497,0.8270208109,0.0000065497
242,703.290 558 1 (ID: 55),-0.1314947260,0.6540875351,0.0172908630,0.6540875351
243,703.331 1116 1 (ID: 283),-0.1119469345,0.7031914439,0.0125321162,0.7031914439
244,703.332 1204 1 (ID: 1171),-0.0547298824,0.8525814770,0.0029953600,0.8525814770
245,705.274 534 1 (ID: 761),-0.1331485809,0.6499889581,0.0177285446,0.6499889581
246,705.310 624 1 (ID: 802),-0.1262364144,0.6671785170,0.0159356323,0.6671785170
247,706.323 934 1 (ID: 35),-0.0050486718,0.9863336684,0.0000254891,0.9863336684
248,706.324 957 1 (ID: 708),-0.1390139046,0.6355281910,0.0193248657,0.6355281910
249,707.303 1165 1 (ID: 2),-0.0308968954,0.9164940581,0.0009546181,0.9164940581
250,707.303 1360 1 (ID: 1112),-0.1093139939,0.7098932576,0.0119495493,0.7098932576
251,707.303 1240 1 (ID: 138),-0.1175322599,0.6890413613,0.0138138321,0.6890413613
252,707.324 1127 1 (ID: 603),0.1777425733,0.5432409832,0.0315924224,0.5432409832
253,708.306 1176 1 (ID: 418),-0.0291330875,0.9212472663,0.0008487368,0.9212472663
254,709.284 970 1 (ID: 503),-0.0631203078,0.8302605622,0.0039841733,0.8302605622
255,709.284 697 1 (ID: 155),0.9085288369,0.0000069264,0.8254246475,0.0000069264
256,709.319 1212 1 (ID: 540),0.1291911867,0.6598112673,0.0166903627,0.6598112673
257,709.319 1053 1 (ID: 601),0.1310663118,0.6551507142,0.0171783781,0.6551507142
258,709.319 1011 1 (ID: 605),0.3108726638,0.2793304671,0.0966418131,0.2793304671
259,709.340 1040 1 (ID: 436),-0.0756329390,0.7971979042,0.0057203415,0.7971979042
260,710.312 429 1 (ID: 937),0.2735068431,0.3440616462,0.0748059932,0.3440616462
261,711.315 1325 1 (ID: 477),-0.0642584313,0.8272416095,0.0041291460,0.8272416095
262,711.315 1389 1 (ID: 1134),-0.0699004975,0.8123090951,0.0048860795,0.8123090951
263,711.321 590 1 (ID: 886),-0.1539542948,0.5992438338,0.0237019249,0.5992438338
264,711.336 1185 1 (ID: 78),-0.1229918281,0.6753005779,0.0151269898,0.6753005779
265,711.336 1251 1 (ID: 498),-0.0824903362,0.7792080133,0.0068046556,0.7792080133
266,713.276 623 1 (ID: 668),0.1538726375,0.5994399115,0.0236767886,0.5994399115
267,714.277 540 1 (ID: 906),-0.1616256470,0.5809372434,0.0261228498,0.5809372434
268,714.292 503 1 (ID: 352),-0.1411432901,0.6303076607,0.0199214283,0.6303076607
269,715.274 948 1 (ID: 45),-0.0607424059,0.8365750994,0.0036896399,0.8365750994
270,716.363 904 1 (ID: 688),-0.0585453588,0.8424175255,0.0034275590,0.8424175255
271,717.273 704 1 (ID: 795),-0.1541193784,0.5988475075,0.0237527828,0.5988475075
272,717.288 1580 1 (ID: 179),-0.0562324228,0.8485762735,0.0031620854,0.8485762735
273,717.309 685 1 (ID: 670),-0.0727347257,0.8048299156,0.0052903403,0.8048299156
274,717.346 1088 1 (ID: 608),0.0952949007,0.7458958240,0.0090811181,0.7458958240
275,717.346 1382 1 (ID: 1187),-0.0591168461,0.8408970793,0.0034948015,0.8408970793
276,719.288 646 1 (ID: 112),-0.0680368046,0.8172353104,0.0046290068,0.8172353104
277,719.288 459 1 (ID: 127),-0.2031872817,0.4859920808,0.0412850714,0.4859920808
278,719.339 1265 1 (ID: 506),-0.0882457630,0.7641875915,0.0077873147,0.7641875915
279,719.339 1508 1 (ID: 1193),-0.1966685951,0.5003823653,0.0386785363,0.5003823653
280,719.361 1410 1 (ID: 1174),-0.0605727354,0.8370260149,0.0036690563,0.8370260149
281,720.302 770 1 (ID: 145),-0.0910997426,0.7567674720,0.0082991631,0.7567674720
282,720.302 653 1 (ID: 862),-0.1642975650,0.5746150303,0.0269936899,0.5746150303
283,721.282 991 1 (ID: 610),0.1435049096,0.6245364747,0.0205936591,0.6245364747
284,721.303 752 1 (ID: 296),-0.1591414902,0.5868403942,0.0253260139,0.5868403942
285,721.303 945 1 (ID: 159),0.9086102218,0.0000068908,0.8255725352,0.0000068908
286,721.318 1307 1 (ID: 63),-0.0953742532,0.7456906001,0.0090962482,0.7456906001
287,721.319 1384 1 (ID: 227),-0.0938721795,0.7495779548,0.0088119861,0.7495779548
288,722.315 756 1 (ID: 122),-0.1601929005,0.5843389616,0.0256617654,0.5843389616
289,722.315 856 1 (ID: 796),-0.1357317789,0.6436056861,0.0184231158,0.6436056861
290,722.315 651 1 (ID: 129),-0.0023424900,0.9936588644,0.0000054873,0.9936588644
291,722.315 462 1 (ID: 1021),0.2289660498,0.4310567872,0.0524254520,0.4310567872
292,723.299 822 1 (ID: 13),0.8265613271,0.0002674474,0.6832036275,0.0002674474
293,723.299 975 1 (ID: 26),0.2318537009,0.4251058744,0.0537561386,0.4251058744
294,723.299 1123 1 (ID: 8),-0.0610270335,0.8358187790,0.0037242988,0.8358187790
295,723.299 788 1 (ID: 41),-0.0428327660,0.8844041285,0.0018346458,0.8844041285
296,723.299 1226 1 (ID: 236),-0.0795961609,0.7867886795,0.0063355488,0.7867886795
297,723.299 1092 1 (ID: 211),-0.1001523521,0.7333626595,0.0100304936,0.7333626595
298,725.317 1150 1 (ID: 47),-0.0772340999,0.7929886545,0.0059651062,0.7929886545
299,725.339 774 1 (ID: 165),0.9093081798,0.0000065912,0.8268413658,0.0000065912
300,727.292 1317 1 (ID: 526),0.0478422483,0.8709822407,0.0022888807,0.8709822407
301,727.307 997 1 (ID: 545),0.1573923107,0.5910114160,0.0247723395,0.5910114160
302,727.329 1086 1 (ID: 556),0.1116044943,0.7040619606,0.0124555632,0.7040619606
303,728.328 712 1 (ID: 341),-0.1523697634,0.6030531498,0.0232165448,0.6030531498
304,729.349 1288 1 (ID: 426),-0.1096933018,0.7089265624,0.0120326205,0.7089265624
305,730.340 669 1 (ID: 130),-0.1237887619,0.6733025567,0.0153236576,0.6733025567
306,730.340 898 1 (ID: 38),0.6313555473,0.0154529842,0.3986098271,0.0154529842
307,730.340 771 1 (ID: 748),-0.1808419406,0.5361154907,0.0327038075,0.5361154907
308,731.325 1041 1 (ID: 61),-0.0221897924,0.9399808044,0.0004923869,0.9399808044
309,731.326 1114 1 (ID: 471),-0.0774974765,0.7922967694,0.0060058589,0.7922967694
310,731.348 677 1 (ID: 782),-0.1059561291,0.7184685820,0.0112267013,0.7184685820
311,732.358 575 1 (ID: 768),-0.1340827317,0.6476779990,0.0179781789,0.6476779990
312,733.318 1435 1 (ID: 1157),-0.0581662411,0.8434264532,0.0033833116,0.8434264532
313,734.354 1058 1 (ID: 716),-0.0874579051,0.7662393053,0.0076488852,0.7662393053
314,735.332 1531 1 (ID: 103),-0.1881537633,0.5194695377,0.0354018386,0.5194695377
315,736.297 699 1 (ID: 870),-0.1621005783,0.5798114114,0.0262765975,0.5798114114
316,736.297 496 1 (ID: 957),0.2331516364,0.4224447210,0.0543596856,0.4224447210
317,736.298 722 1 (ID: 59),-0.0632898147,0.8298107944,0.0040056006,0.8298107944
318,736.330 777 1 (ID: 325),0.0236180646,0.9361245607,0.0005578130,0.9361245607
319,737.280 672 1 (ID: 912),-0.1636294206,0.5761933194,0.0267745873,0.5761933194
320,737.280 859 1 (ID: 649),-0.0775597137,0.7921332941,0.0060155092,0.7921332941
321,737.295 495 1 (ID: 185),0.2325761609,0.4236235692,0.0540916706,0.4236235692
322,737.302 578 1 (ID: 725),-0.0697757039,0.8126387570,0.0048686488,0.8126387570
323,737.310 963 1 (ID: 83),0.6351765498,0.0146554853,0.4034492494,0.0146554853
324,737.310 1000 1 (ID: 559),0.1609753014,0.5824803377,0.0259130476,0.5824803377
325,737.310 1103 1 (ID: 537),0.1291705320,0.6598626681,0.0166850263,0.6598626681
326,737.312 1290 1 (ID: 109),-0.0365998739,0.9011438403,0.0013395508,0.9011438403
327,738.302 496 1 (ID: 979),0.2288723264,0.4312506335,0.0523825418,0.4312506335
328,739.294 880 1 (ID: 285),0.0203495147,0.9449512281,0.0004141028,0.9449512281
329,739.319 785 1 (ID: 101),0.8507386980,0.0001148296,0.7237563323,0.0001148296
330,739.319 679 1 (ID: 723),-0.0763297993,0.7953653101,0.0058262383,0.7953653101
331,739.319 593 1 (ID: 91),0.8892824513,0.0000208668,0.7908232781,0.0000208668
332,741.290 1215 1 (ID: 98),-0.0917499244,0.7550797476,0.0084180486,0.7550797476
333,741.313 1178 1 (ID: 77),0.1737192265,0.5525512739,0.0301783697,0.5525512739
334,741.313 1074 1 (ID: 298),0.0256674015,0.9305937754,0.0006588155,0.9305937754
335,741.313 1445 1 (ID: 44),-0.1266565288,0.6661293097,0.0160418763,0.6661293097
336,742.344 845 1 (ID: 300),-0.1430671335,0.6256047889,0.0204682047,0.6256047889
337,743.300 1073 1 (ID: 565),0.0911980770,0.7565121533,0.0083170892,0.7565121533
338,743.323 1107 1 (ID: 88),-0.0691595252,0.8142669110,0.0047830399,0.8142669110
339,744.319 680 1 (ID: 918),-0.1618547716,0.5803939891,0.0261969671,0.5803939891
340,744.320 606 1 (ID: 856),-0.1651953521,0.5724970830,0.0272895044,0.5724970830
341,744.320 537 1 (ID: 980),0.2320790718,0.4246431883,0.0538606956,0.4246431883
342,745.318 1332 1 (ID: 135),-0.1126370933,0.7014380199,0.0126871148,0.7014380199
343,747.259 672 1 (ID: 686),-0.0674888806,0.8186848150,0.0045547490,0.8186848150
344,747.282 617 1 (ID: 329),-0.2168084744,0.4565647696,0.0470059146,0.4565647696
345,747.321 681 1 (ID: 704),-0.0774340252,0.7924634417,0.0059960283,0.7924634417
346,747.321 773 1 (ID: 134),0.9090630374,0.0000066952,0.8263956060,0.0000066952
347,748.333 938 1 (ID: 104),-0.1371743919,0.6400507644,0.0188168138,0.6400507644
348,748.349 420 1 (ID: 857),-0.1639653006,0.5753996823,0.0268846198,0.5753996823
349,749.340 1230 1 (ID: 183),0.1227877300,0.6758126001,0.0150768266,0.6758126001
350,750.348 1040 1 (ID: 39),-0.1455064901,0.6196607284,0.0211721387,0.6196607284
351,750.348 906 1 (ID: 114),-0.1726594728,0.5550148666,0.0298112936,0.5550148666
352,750.349 1005 1 (ID: 326),-0.1770587889,0.5448185056,0.0313498147,0.5448185056
353,751.328 1187 1 (ID: 62),-0.1114409582,0.7044778046,0.0124190872,0.7044778046
354,751.328 1251 1 (ID: 424),-0.0812748268,0.7823895951,0.0066055975,0.7823895951
355,751.328 1376 1 (ID: 117),-0.1494223277,0.6101639933,0.0223270320,0.6101639933
356,751.328 1286 1 (ID: 440),-0.1006038684,0.7322007389,0.0101211383,0.7322007389
357,753.332 773 1 (ID: 625),0.9018970805,0.0000103869,0.8134183438,0.0000103869
358,753.347 1487 1 (ID: 1132),-0.0557136807,0.8499586642,0.0031040142,0.8499586642
359,756.302 527 1 (ID: 931),0.2306881860,0.4275027506,0.0532170392,0.4275027506
360,757.285 870 1 (ID: 223),0.9051957865,0.0000085222,0.8193794120,0.0000085222
361,757.285 1197 1 (ID: 71),-0.1157345835,0.6935856110,0.0133944938,0.6935856110
362,758.302 594 1 (ID: 939),0.2303873736,0.4281224773,0.0530783419,0.4281224773
363,758.334 639 1 (ID: 938),0.2284300479,0.4321659813,0.0521802868,0.4321659813
364,758.334 771 1 (ID: 792),-0.1327583323,0.6509552470,0.0176247748,0.6509552470
365,758.373 1158 1 (ID: 745),-0.1382134903,0.6374946271,0.0191029689,0.6374946271
366,758.373 1047 1 (ID: 144),0.9039581734,0.0000091865,0.8171403792,0.0000091865
367,758.373 1257 1 (ID: 615),0.9237383823,0.0000024059,0.8532925989,0.0000024059
368,759.352 1398 1 (ID: 93),-0.0600732664,0.8383536714,0.0036087973,0.8383536714
369,761.301 728 1 (ID: 20),0.0083720126,0.9773393475,0.0000700906,0.9773393475
370,761.301 805 1 (ID: 110),0.8021387703,0.0005572261,0.6434266067,0.0005572261
371,761.301 595 1 (ID: 176),0.9219993182,0.0000027439,0.8500827428,0.0000027439
372,762.310 746 1 (ID: 888),-0.1153934650,0.6944489932,0.0133156518,0.6944489932
373,762.350 1083 1 (ID: 751),-0.1310560445,0.6551762017,0.0171756868,0.6551762017
374,763.329 1286 1 (ID: 438),-0.0827672200,0.7784837205,0.0068504127,0.7784837205
375,764.326 827 1 (ID: 338),-0.1611321872,0.5821079380,0.0259635817,0.5821079380
376,764.326 898 1 (ID: 126),-0.1340586028,0.6477376536,0.0179717090,0.6477376536
377,764.326 701 1 (ID: 216),0.2318300291,0.4251544874,0.0537451624,0.4251544874
378,764.326 992 1 (ID: 82),0.3956471029,0.1614287217,0.1565366300,0.1614287217
379,764.366 1009 1 (ID: 805),-0.1739097449,0.5521088736,0.0302445994,0.5521088736
380,764.366 1174 1 (ID: 324),-0.1558043010,0.5948083334,0.0242749802,0.5948083334
381,764.366 1053 1 (ID: 909),-0.1721897812,0.5561082402,0.0296493207,0.5561082402
382,765.309 1146 1 (ID: 11),-0.0401024253,0.8917318944,0.0016082045,0.8917318944
383,765.309 915 1 (ID: 304),-0.1474144930,0.6150264153,0.0217310328,0.6150264153
384,765.333 701 1 (ID: 987),0.2320720938,0.4246575103,0.0538574567,0.4246575103
385,765.333 627 1 (ID: 759),-0.1301699425,0.6573771633,0.0169442139,0.6573771633
386,766.302 537 1 (ID: 1003),0.2569558088,0.3751716604,0.0660262877,0.3751716604
387,766.339 695 1 (ID: 123),-0.1000999898,0.7334974416,0.0100200080,0.7334974416
388,767.321 1086 1 (ID: 574),0.1241888175,0.6723003164,0.0154228624,0.6723003164
389,767.321 842 1 (ID: 648),0.4259934736,0.1288208465,0.1814704395,0.1288208465
390,767.345 870 1 (ID: 14),0.9055090763,0.0000083604,0.8199466873,0.0000083604
391,767.345 1128 1 (ID: 52),0.1765791459,0.5459262421,0.0311801948,0.5459262421
392,768.334 1242 1 (ID: 664),-0.0951442029,0.7462856063,0.0090524193,0.7462856063
393,769.317 1638 1 (ID: 53),-0.1927418683,0.5091443036,0.0371494278,0.5091443036
394,771.337 1345 1 (ID: 393),-0.1192483762,0.6847123547,0.0142201752,0.6847123547
395,771.337 1439 1 (ID: 1125),-0.0628797935,0.8308988235,0.0039538684,0.8308988235
396,771.354 1462 1 (ID: 1149),-0.0611450355,0.8355052595,0.0037387154,0.8355052595
397,771.360 1488 1 (ID: 1120),-0.0554934175,0.8505457632,0.0030795194,0.8505457632
398,771.360 1535 1 (ID: 217),-0.0557990824,0.8497310504,0.0031135376,0.8497310504
399,772.317 597 1 (ID: 830),-0.1692018736,0.5630849197,0.0286292740,0.5630849197
400,772.326 896 1 (ID: 814),-0.1773608143,0.5441214754,0.0314568584,0.5441214754
401,772.328 1036 1 (ID: 317),-0.1626621657,0.5784813080,0.0264589801,0.5784813080
402,772.350 927 1 (ID: 141),-0.0491545946,0.8674712644,0.0024161742,0.8674712644
403,774.367 887 1 (ID: 311),-0.1781960902,0.5421957897,0.0317538466,0.5421957897
404,774.367 732 1 (ID: 735),-0.1310232885,0.6552575171,0.0171671021,0.6552575171
405,775.294 1498 1 (ID: 244),-0.1476978663,0.6143392666,0.0218146597,0.6143392666
406,775.294 1017 1 (ID: 567),0.1034423871,0.7249084649,0.0107003274,0.7249084649
407,776.329 854 1 (ID: 753),-0.1312731857,0.6546372472,0.0172326493,0.6546372472
408,776.363 1332 1 (ID: 691),0.4485889188,0.1076490192,0.2012320181,0.1076490192
409,777.296 454 1 (ID: 736),-0.1299427989,0.6579417750,0.0168851310,0.6579417750
410,777.296 420 1 (ID: 314),-0.1647741543,0.5734903192,0.0271505219,0.5734903192
411,778.304 766 1 (ID: 917),-0.1686857799,0.5642936845,0.0284548924,0.5642936845
412,778.304 571 1 (ID: 1024),0.2265163789,0.4361377829,0.0513096699,0.4361377829
413,779.323 1281 1 (ID: 225),-0.1093769181,0.7097328623,0.0119633102,0.7097328623
414,779.323 1413 1 (ID: 247),-0.1335799002,0.6489215691,0.0178435897,0.6489215691
415,779.323 1377 1 (ID: 1153),-0.0565411524,0.8477537346,0.0031969019,0.8477537346
416,780.353 1045 1 (ID: 616),0.8717310809,0.0000485012,0.7599150773,0.0000485012
417,781.184 2245 1 (ID: 1067),-0.2156820315,0.4589647575,0.0465187387,0.4589647575
418,782.191 2240 1 (ID: 1055),-0.2178573496,0.4543355692,0.0474618248,0.4543355692
419,782.340 530 1 (ID: 810),-0.1697610963,0.5617763664,0.0288188298,0.5617763664
420,783.317 777 1 (ID: 727),-0.1388583052,0.6359102891,0.0192816289,0.6359102891
421,784.328 922 1 (ID: 836),-0.1567990962,0.5924286538,0.0245859566,0.5924286538
422,784.328 1131 1 (ID: 336),-0.2109103914,0.4691988347,0.0444831932,0.4691988347
423,784.377 1127 1 (ID: 604),0.2122631407,0.4662864248,0.0450556409,0.4662864248
424,785.317 1332 1 (ID: 160),-0.0965580893,0.7426307951,0.0093234646,0.7426307951
425,785.317 1380 1 (ID: 417),-0.0839827719,0.7753059753,0.0070531060,0.7753059753
426,785.325 643 1 (ID: 1026),0.2270934619,0.4349381332,0.0515714404,0.4349381332
427,786.332 726 1 (ID: 147),-0.1650886759,0.5727485714,0.0272542709,0.5727485714
428,786.341 1179 1 (ID: 781),-0.1444245680,0.6222944463,0.0208584558,0.6222944463
429,787.383 1647 1 (ID: 1117),-0.1010159796,0.7311406875,0.0102042281,0.7311406875
430,788.344 842 1 (ID: 332),-0.2153956378,0.4595759219,0.0463952808,0.4595759219
431,789.332 870 1 (ID: 34),0.8913312826,0.0000187403,0.7944714553,0.0000187403
432,789.332 1128 1 (ID: 87),0.2478205386,0.3929660428,0.0614150193,0.3929660428
433,789.332 1014 1 (ID: 108),0.9337521003,0.0000010570,0.8718929848,0.0000010570
434,789.382 1742 1 (ID: 1078),-0.1859810595,0.5243915507,0.0345889545,0.5243915507
435,790.364 587 1 (ID: 343),-0.2080779538,0.4753251162,0.0432964349,0.4753251162
436,791.305 606 1 (ID: 653),-0.0781868374,0.7904865050,0.0061131815,0.7904865050
437,791.305 524 1 (ID: 719),-0.0821466266,0.7801073456,0.0067480683,0.7801073456
438,791.323 1056 1 (ID: 693),-0.0573157103,0.8456907394,0.0032850907,0.8456907394
439,792.357 1045 1 (ID: 128),0.0730493408,0.8040006293,0.0053362062,0.8040006293
440,792.357 1201 1 (ID: 32),0.7579883010,0.0016825463,0.5745462645,0.0016825463
441,792.357 1322 1 (ID: 16),0.0798720358,0.7860653166,0.0063795421,0.7860653166
442,792.357 1347 1 (ID: 709),0.0894463839,0.7610637420,0.0080006556,0.7610637420
443,793.327 591 1 (ID: 893),-0.1558327707,0.5947401774,0.0242838524,0.5947401774
444,793.339 1532 1 (ID: 15),-0.0253514362,0.9314463238,0.0006426953,0.9314463238
445,793.340 1488 1 (ID: 69),-0.0353115225,0.9046089595,0.0012469036,0.9046089595
446,793.361 1211 1 (ID: 378),0.8941561264,0.0000161023,0.7995151783,0.0000161023
447,794.333 924 1 (ID: 721),-0.0249916029,0.9324173219,0.0006245802,0.9324173219
448,795.349 1535 1 (ID: 195),-0.0269903348,0.9270249515,0.0007284782,0.9270249515
449,797.353 1518 1 (ID: 1170),-0.0610514038,0.8357540277,0.0037272739,0.8357540277
450,798.311 860 1 (ID: 328),-0.2264455610,0.4362851144,0.0512775921,0.4362851144
451,798.366 867 1 (ID: 864),-0.1746242119,0.5504511663,0.0304936154,0.5504511663
452,799.296 1201 1 (ID: 99),-0.0574399976,0.8453597919,0.0032993533,0.8453597919
453,799.339 807 1 (ID: 1017),0.2229129634,0.4436659391,0.0496901892,0.4436659391
454,800.347 891 1 (ID: 749),-0.1359462072,0.6430768360,0.0184813713,0.6430768360
455,800.347 833 1 (ID: 342),-0.1165965426,0.6914055058,0.0135947537,0.6914055058
456,800.382 1301 1 (ID: 287),0.1602299035,0.5842510057,0.0256736220,0.5842510057
457,801.332 1179 1 (ID: 51),0.1883123213,0.5191111555,0.0354615304,0.5191111555
458,801.332 1016 1 (ID: 722),-0.0182554360,0.9506094018,0.0003332609,0.9506094018
459,802.327 736 1 (ID: 1020),0.1822230350,0.5329535629,0.0332052345,0.5329535629
460,802.396 1202 1 (ID: 700),-0.0446111042,0.8796359546,0.0019901506,0.8796359546
461,802.398 1055 1 (ID: 137),0.9021904302,0.0000102086,0.8139475723,0.0000102086
462,803.307 939 1 (ID: 24),0.8979425793,0.0000130507,0.8063008757,0.0000130507
463,803.342 1102 1 (ID: 541),0.2425255766,0.4034793420,0.0588186553,0.4034793420
464,805.324 625 1 (ID: 730),-0.1295089893,0.6590205679,0.0167725783,0.6590205679
465,805.324 715 1 (ID: 102),0.1013159780,0.7303692982,0.0102649274,0.7303692982
466,805.341 1580 1 (ID: 203),-0.0524366989,0.8587005764,0.0027496074,0.8587005764
467,806.335 1158 1 (ID: 111),0.5598852007,0.0373328244,0.3134714380,0.0373328244
468,806.335 941 1 (ID: 42),-0.1578322505,0.5899612396,0.0249110193,0.5899612396
469,806.335 1061 1 (ID: 31),0.8670465681,0.0000595152,0.7517697512,0.0000595152
470,807.357 1630 1 (ID: 1154),-0.0542724731,0.8538014172,0.0029455013,0.8538014172
471,809.359 1230 1 (ID: 174),0.1194705241,0.6841526271,0.0142732061,0.6841526271
472,810.330 977 1 (ID: 774),-0.1296331913,0.6587116406,0.0168047643,0.6587116406
473,814.337 1299 1 (ID: 121),-0.2210890773,0.4475007469,0.0488803801,0.4475007469
474,814.337 1348 1 (ID: 702),0.2028122652,0.4868146332,0.0411328149,0.4868146332
475,814.337 1061 1 (ID: 973),0.2146302908,0.4612111134,0.0460661617,0.4612111134
476,814.337 1192 1 (ID: 293),0.7620754046,0.0015338327,0.5807589223,0.0015338327
477,814.363 1043 1 (ID: 81),-0.0806775277,0.7839541816,0.0065088635,0.7839541816
478,815.347 1316 1 (ID: 277),0.0802319173,0.7851219240,0.0064371605,0.7851219240
479,815.364 1045 1 (ID: 684),-0.0807717460,0.7837073323,0.0065240750,0.7837073323
480,816.342 843 1 (ID: 884),-0.1662630090,0.5699826016,0.0276433882,0.5699826016
481,816.378 1000 1 (ID: 85),-0.0648347048,0.8257138465,0.0042035389,0.8257138465
482,817.321 1105 1 (ID: 291),0.7312640372,0.0029601108,0.5347470921,0.0029601108
483,817.357 1386 1 (ID: 379),-0.1068960170,0.7160651403,0.0114267584,0.7160651403
484,819.295 1310 1 (ID: 466),-0.0852323881,0.7720425822,0.0072645600,0.7720425822
485,819.303 582 1 (ID: 200),-0.0469616944,0.8733392667,0.0022054007,0.8733392667
486,819.356 1667 1 (ID: 1106),-0.0586828867,0.8420515848,0.0034436812,0.8420515848
487,820.349 1210 1 (ID: 180),0.9092898654,0.0000065989,0.8268080594,0.0000065989
488,820.349 1101 1 (ID: 695),-0.0339655973,0.9082306131,0.0011536618,0.9082306131
489,822.332 796 1 (ID: 333),-0.1980580192,0.4972988037,0.0392269790,0.4972988037
490,822.333 860 1 (ID: 740),-0.1546307962,0.5976203716,0.0239106831,0.5976203716
491,822.333 891 1 (ID: 800),-0.1383781050,0.6370900246,0.0191484999,0.6370900246
492,822.368 949 1 (ID: 883),-0.1648739100,0.5732550191,0.0271834062,0.5732550191
493,822.368 1275 1 (ID: 543),0.2040039700,0.4842030380,0.0416176198,0.4842030380
494,823.313 1180 1 (ID: 94),0.3887956520,0.1694741464,0.1511620590,0.1694741464
495,823.314 1077 1 (ID: 33),0.0701598370,0.8116241018,0.0049224027,0.8116241018
496,824.377 1038 1 (ID: 619),0.8831024834,0.0000285082,0.7798699961,0.0000285082
497,825.330 917 1 (ID: 172),0.1003367092,0.7328881753,0.0100674552,0.7328881753
498,825.364 1571 1 (ID: 396),-0.1191213390,0.6850325074,0.0141898934,0.6850325074
499,826.339 1190 1 (ID: 337),-0.1886797494,0.5182810993,0.0356000478,0.5182810993
500,826.383 1228 1 (ID: 600),0.1563292330,0.5935521549,0.0244388291,0.5935521549
501,827.327 1578 1 (ID: 6),-0.0059760560,0.9838235926,0.0000357132,0.9838235926
502,827.336 687 1 (ID: 934),0.2294309105,0.4300959740,0.0526385427,0.4300959740
503,827.336 905 1 (ID: 990),0.2256385073,0.4379658883,0.0509127360,0.4379658883
504,828.318 1067 1 (ID: 210),0.9051836557,0.0000085285,0.8193574506,0.0000085285
505,828.381 1208 1 (ID: 680),-0.0726722654,0.8049945760,0.0052812582,0.8049945760
506,828.381 1169 1 (ID: 682),-0.0314547905,0.9149911439,0.0009894038,0.9149911439
507,828.417 1540 1 (ID: 444),-0.0838284986,0.7757091030,0.0070272172,0.7757091030
508,829.363 1445 1 (ID: 65),-0.1272678327,0.6646036335,0.0161971013,0.6646036335
509,830.357 981 1 (ID: 151),-0.1708870939,0.5591454704,0.0292023989,0.5591454704
510,831.343 1228 1 (ID: 36),0.1904588443,0.5142703998,0.0362745714,0.5142703998
511,832.340 1230 1 (ID: 224),0.1952950514,0.5034393111,0.0381401571,0.5034393111
512,834.368 1269 1 (ID: 76),0.5835707837,0.0284633582,0.3405548596,0.0284633582
513,834.368 1463 1 (ID: 620),0.9109500840,0.0000059284,0.8298300555,0.0000059284
514,834.368 1314 1 (ID: 657),-0.1446444595,0.6217588239,0.0209220197,0.6217588239
515,836.310 908 1 (ID: 806),-0.1430666941,0.6256058617,0.0204680790,0.6256058617
516,836.347 945 1 (ID: 773),-0.1358798781,0.6432404084,0.0184633413,0.6432404084
517,836.347 1047 1 (ID: 64),-0.0591892104,0.8407045903,0.0035033626,0.8407045903
518,836.384 1150 1 (ID: 161),0.9070175037,0.0000076164,0.8226807520,0.0000076164
519,836.384 1281 1 (ID: 666),-0.0639971601,0.8279344552,0.0040956365,0.8279344552
520,837.326 1315 1 (ID: 265),0.0860353379,0.7699475094,0.0074020794,0.7699475094
521,838.361 1006 1 (ID: 190),-0.0135987751,0.9631990342,0.0001849267,0.9631990342
522,839.307 769 1 (ID: 687),-0.0717920568,0.8073158128,0.0051540994,0.8073158128
523,840.318 1202 1 (ID: 787),-0.1350298878,0.6453378740,0.0182330706,0.6453378740
524,840.319 1120 1 (ID: 70),0.8788349296,0.0000350137,0.7723508335,0.0000350137
525,840.355 1282 1 (ID: 905),-0.1714531628,0.5578248153,0.0293961870,0.5578248153
526,841.313 671 1 (ID: 178),0.2297035841,0.4295328921,0.0527637366,0.4295328921
527,841.341 1668 1 (ID: 1158),-0.0509251483,0.8627380340,0.0025933707,0.8627380340
528,841.350 832 1 (ID: 953),0.2242178439,0.4409324072,0.0502736415,0.4409324072
529,841.526 2246 1 (ID: 1037),-0.1797156423,0.5387001328,0.0322977121,0.5387001328
530,844.374 1102 1 (ID: 340),-0.1566727879,0.5927305893,0.0245463625,0.5927305893
531,844.411 1331 1 (ID: 73),0.7595746937,0.0016235225,0.5769537153,0.0016235225
532,845.357 1344 1 (ID: 258),0.0177388845,0.9520054597,0.0003146680,0.9520054597
533,845.395 1625 1 (ID: 491),-0.0525049043,0.8585184699,0.0027567650,0.8585184699
534,848.328 1185 1 (ID: 819),-0.1900071215,0.5152874106,0.0361027062,0.5152874106
535,848.346 1092 1 (ID: 307),-0.1552933924,0.5960319647,0.0241160377,0.5960319647
536,848.347 1173 1 (ID: 665),-0.1169272337,0.6905696954,0.0136719780,0.6905696954
537,849.346 708 1 (ID: 143),0.2284750982,0.4320726998,0.0522008705,0.4320726998
538,850.357 1209 1 (ID: 676),-0.0801588555,0.7853134259,0.0064254421,0.7853134259
539,850.395 1540 1 (ID: 459),-0.0850784844,0.7724443164,0.0072383485,0.7724443164
540,851.342 1442 1 (ID: 12),-0.0892262586,0.7616362257,0.0079613252,0.7616362257
541,852.337 970 1 (ID: 910),-0.1737000834,0.5525957342,0.0301717190,0.5525957342
542,856.348 1313 1 (ID: 310),-0.1484058781,0.6126237022,0.0220243047,0.6126237022
543,856.348 1463 1 (ID: 611),0.9010204115,0.0000109350,0.8118377820,0.0000109350
544,856.348 1245 1 (ID: 643),0.9023964831,0.0000100849,0.8143194127,0.0000100849
545,858.369 1147 1 (ID: 622),0.8590891711,0.0000828464,0.7380342040,0.0000828464
546,858.369 1280 1 (ID: 647),-0.0633265061,0.8297134440,0.0040102464,0.8297134440
547,861.312 1574 1 (ID: 410),-0.1243675156,0.6718527958,0.0154672789,0.6718527958
548,861.321 789 1 (ID: 1018),0.2290692285,0.4308434354,0.0524727115,0.4308434354
549,861.322 975 1 (ID: 1010),0.2253793689,0.4385062562,0.0507958599,0.4385062562
550,863.360 804 1 (ID: 347),-0.1001651621,0.7333296872,0.0100330597,0.7333296872
551,864.338 971 1 (ID: 331),-0.2051537373,0.4816896191,0.0420880559,0.4816896191
552,864.338 1014 1 (ID: 316),-0.1528641050,0.6018637052,0.0233674346,0.6018637052
553,864.340 1075 1 (ID: 125),-0.1939339349,0.5064770210,0.0376103711,0.5064770210
554,865.357 1540 1 (ID: 388),-0.1236539991,0.6736402850,0.0152903115,0.6736402850
555,865.359 1394 1 (ID: 500),-0.0857160787,0.7707803533,0.0073472461,0.7707803533
556,866.393 1330 1 (ID: 286),0.8832706258,0.0000282737,0.7801669984,0.0000282737
557,867.381 1626 1 (ID: 432),-0.0254471669,0.9311880127,0.0006475583,0.9311880127
558,868.356 1418 1 (ID: 118),-0.1239163497,0.6729828623,0.0153552617,0.6729828623
559,869.352 941 1 (ID: 209),0.2288715892,0.4312521583,0.0523822043,0.4312521583
560,869.392 1670 1 (ID: 1156),-0.1381276256,0.6377057091,0.0190792410,0.6377057091
561,870.361 1433 1 (ID: 778),-0.1423274660,0.6274113669,0.0202571076,0.6274113669
562,872.373 933 1 (ID: 922),-0.1695815208,0.5621964249,0.0287578922,0.5621964249
563,872.373 867 1 (ID: 827),-0.1716807468,0.5572942271,0.0294742788,0.5572942271
564,874.363 1337 1 (ID: 701),-0.0762150612,0.7956669795,0.0058087356,0.7956669795
565,881.320 878 1 (ID: 718),-0.0456016843,0.8769815928,0.0020795136,0.8769815928
566,882.330 1231 1 (ID: 717),0.2152784063,0.4598262084,0.0463447922,0.4598262084
567,883.330 776 1 (ID: 226),0.2276229386,0.4338389054,0.0518122022,0.4338389054
568,883.360 1084 1 (ID: 202),0.2268570866,0.4354293139,0.0514641378,0.4354293139
569,884.403 1197 1 (ID: 322),-0.1957166565,0.5025000808,0.0383050096,0.5025000808
570,885.328 1499 1 (ID: 96),-0.1401684892,0.6326955700,0.0196472054,0.6326955700
571,890.336 1433 1 (ID: 756),-0.1736104220,0.5528039953,0.0301405786,0.5528039953
572,890.376 857 1 (ID: 920),-0.1706427816,0.5597158652,0.0291189589,0.5597158652
573,891.330 941 1 (ID: 933),0.2351127212,0.4184400510,0.0552779917,0.4184400510
574,892.407 1610 1 (ID: 678),-0.0367844701,0.9006474871,0.0013530972,0.9006474871
575,893.416 1609 1 (ID: 667),-0.0400530918,0.8918643726,0.0016042502,0.8918643726
576,894.426 1631 1 (ID: 689),0.0049506994,0.9865988495,0.0000245094,0.9865988495
577,895.374 1424 1 (ID: 457),-0.0610903099,0.8356506571,0.0037320260,0.8356506571
578,895.407 1768 1 (ID: 1141),-0.0979804586,0.7389591344,0.0096001703,0.7389591344
579,897.375 1333 1 (ID: 1012),0.2196057059,0.4506316237,0.0482266661,0.4506316237
580,903.335 1024 1 (ID: 944),0.2293586289,0.4302453006,0.0526053807,0.4302453006
581,905.349 1085 1 (ID: 951),0.2427714041,0.4029880352,0.0589379546,0.4029880352
582,906.390 1200 1 (ID: 319),-0.1970183022,0.4996054290,0.0388162114,0.4996054290
583,914.392 1610 1 (ID: 669),-0.0075035806,0.9796894788,0.0000563037,0.9796894788
584,916.412 1631 1 (ID: 661),0.0473109704,0.8724042230,0.0022383279,0.8724042230
585,927.391 1213 1 (ID: 832),-0.1710193405,0.5588368173,0.0292476148,0.5588368173
586,983.559 1688 1 (ID: 1062),-0.1854220401,0.5256612914,0.0343813330,0.5256612914
587,987.593 1777 1 (ID: 1038),-0.1792080622,0.5398667038,0.0321155295,0.5398667038